<?xml version="1.0" encoding="UTF-8"?><epages><Class reference="1" Path="/Classes/Shop"><Object Alias="Actions" reference="1"><ChangeAction Alias="PaymentSuccessICWirecard" Package="DE_INNOCHANGE::Wirecard::UI::Shop" delete="1"/><ChangeAction Alias="PaymentFailureICWirecard" Package="DE_INNOCHANGE::Wirecard::UI::Shop" delete="1"/><ChangeAction Alias="PaymentConfirmICWirecard" Package="DE_INNOCHANGE::Wirecard::UI::Shop" delete="1"/><ChangeAction Alias="PaymentPendingICWirecard" Package="DE_INNOCHANGE::Wirecard::UI::Shop" delete="1"/><ViewAction Alias="SendPaymentConfirmICWirecardResponse" Package="DE_INNOCHANGE::Wirecard::UI::Shop" delete="1"/><ViewAction Alias="ViewPaymentICWirecardError" Package="DE_EPAGES::Presentation::UI::Object" FunctionName="View" delete="1"/><ViewAction Alias="ViewPaymentICWirecardPending" Package="DE_EPAGES::Presentation::UI::Object" FunctionName="View" delete="1"/><ViewAction Alias="MBO-SearchICWirecardTransactions" Package="DE_INNOCHANGE::Wirecard::UI::ShopMBO" FunctionName="SearchTransactions" delete="1"/><ViewAction Alias="MBO-ViewICWirecardTransactions" Package="DE_INNOCHANGE::Wirecard::UI::ShopMBO" FunctionName="ViewTransactions" delete="1"/></Object></Class></epages>