<?xml version="1.0" encoding="iso-8859-1"?><epages><Object reference="1" Path="/Classes"><Class Alias="PaymentMethodICWirecard" Base="ContainerPaymentMethod" Package="DE_INNOCHANGE::Wirecard::API::Object::PaymentMethodICWirecard" delete="1"><AttributeValue Name="ExportLevel" Value="1"/><Object Alias="Attributes"><Attribute Alias="customerId" Type="String" IsExportable="1" ExportLevel="1" IsCacheable="1" Package="DE_EPAGES::Object::API::Attributes::DefaultAttribute"/><Attribute Alias="shopId" Type="String" IsExportable="1" ExportLevel="1" IsCacheable="1" Package="DE_EPAGES::Object::API::Attributes::DefaultAttribute"/><Attribute Alias="secret" Type="String" IsExportable="1" ExportLevel="1" IsCacheable="1" Package="DE_EPAGES::Object::API::Attributes::DefaultAttribute"/><Attribute Alias="serviceURL" Type="String" IsExportable="1" ExportLevel="1" IsCacheable="1" Package="DE_EPAGES::Object::API::Attributes::DefaultAttribute"/><Attribute Alias="paymentType" Type="String" IsExportable="1" ExportLevel="1" IsCacheable="1" Package="DE_EPAGES::Object::API::Attributes::DefaultAttribute"/><Attribute Alias="OrderStatusAuthorized" Type="String" IsExportable="1" ExportLevel="1" IsCacheable="1" Package="DE_EPAGES::Object::API::Attributes::DefaultAttribute"/><Attribute Alias="OrderStatusSettled" Type="String" IsExportable="1" ExportLevel="1" IsCacheable="1" Package="DE_EPAGES::Object::API::Attributes::DefaultAttribute"/><Attribute Alias="maxRetries" Type="String" IsExportable="1" ExportLevel="1" IsCacheable="1" Package="DE_EPAGES::Object::API::Attributes::DefaultAttribute"/><Attribute Alias="displayText" Type="String" IsExportable="1" ExportLevel="1" IsCacheable="1" Package="DE_EPAGES::Object::API::Attributes::DefaultAttribute"/><Attribute Alias="sendShippingData" Type="Boolean" IsExportable="1" ExportLevel="1" IsCacheable="1" Package="DE_EPAGES::Object::API::Attributes::DefaultAttribute"/><Attribute Alias="sendBillingData" Type="Boolean" IsExportable="1" ExportLevel="1" IsCacheable="1" Package="DE_EPAGES::Object::API::Attributes::DefaultAttribute"/><Attribute Alias="sendBasketData" Type="Boolean" IsExportable="1" ExportLevel="1" IsCacheable="1" Package="DE_EPAGES::Object::API::Attributes::DefaultAttribute"/><Attribute Alias="duplicateRequest" Type="Boolean" IsExportable="1" ExportLevel="1" IsCacheable="1" Package="DE_EPAGES::Object::API::Attributes::DefaultAttribute"/><Attribute Alias="displayType" Type="Integer" IsExportable="1" ExportLevel="1" IsCacheable="1" Package="DE_EPAGES::Object::API::Attributes::DefaultAttribute"/><Attribute Alias="InvoiceProvider" Type="String" IsExportable="1" ExportLevel="1" IsCacheable="1" Package="DE_EPAGES::Object::API::Attributes::DefaultAttribute"/><Attribute Alias="InstallmentProvider" Type="String" IsExportable="1" ExportLevel="1" IsCacheable="1" Package="DE_EPAGES::Object::API::Attributes::DefaultAttribute"/></Object></Class></Object></epages>