<?xml version="1.0" encoding="UTF-8"?><epages><Class reference="1" Path="/Classes/PaymentMethodICWirecard"><Form Name="ICWirecardSettings" delete="1"><FormField Name="customerId" Type="string" Mandatory="1"/><FormField Name="shopId" Type="string"/><FormField Name="secret" Type="string" Mandatory="1"/><FormField Name="serviceURL" Type="string" Mandatory="1"/><FormField Name="paymentType" Type="string" Mandatory="1"/><FormField Name="maxRetries" Type="string"/><FormField Name="displayText" Type="string"/><FormField Name="sendShippingData" Type="boolean"/><FormField Name="sendBillingData" Type="boolean"/><FormField Name="sendBasketData" Type="boolean"/><FormField Name="duplicateRequest" Type="boolean"/><FormField Name="TransactionType" Type="boolean" Mandatory="1"/><FormField Name="displayType" Type="boolean" Mandatory="1"/><FormField Name="OrderStatusAuthorized" Type="string"/><FormField Name="OrderStatusSettled" Type="string"/><FormField Name="InvoiceProvider" Type="string"/><FormField Name="InstallmentProvider" Type="string"/></Form></Class></epages>