<?xml version="1.0" encoding="UTF-8"?><epages><Cartridge reference="1" Package="DE_INNOCHANGE::Wirecard"><Class reference="1" Path="/Classes/Basket"><PageType Alias="SF-BasketPaymentICWirecard" Base="SF-Basket" delete="1"><Template Name="Content" FileName="SF/SF-BasketPaymentICWirecard.Content.html" delete="1"/><Template Name="PaymentForm" FileName="SF/INC-ICWirecardPaymentForm.html" delete="1"/><ViewAction URLAction="ViewPaymentICWirecard"/></PageType></Class><Class reference="1" Path="/Classes/Basket"><PageType Alias="SF-MultiBasketPaymentICWirecard" Base="SF-MultiCheckoutPayment" delete="1"><Template Name="Form" FileName="SF/SF-MultiBasketPaymentICWirecard.Form.html"/><Template Name="PaymentForm" FileName="SF/INC-ICWirecardPaymentForm.html" delete="1"/><ViewAction URLAction="ViewMultiPaymentICWirecard"/></PageType></Class><Class reference="1" Path="/Classes/Shop"><PageType Alias="SF-ICShopWirecardPaymentError" Base="SF" delete="1"><Template Name="Content" FileName="SF/SF-ICShopWirecardPaymentError.Content.html" delete="1"/><Template Name="Head-ICWirecardRedirect" FileName="SF/SF-ICShopWirecardPaymentError.Head-ICWirecardRedirect.html" delete="1"/><ViewAction URLAction="ViewPaymentICWirecardError"/></PageType></Class><Class reference="1" Path="/Classes/Shop"><PageType Alias="SF-ICShopWirecardPaymentPending" Base="SF" delete="1"><Template Name="Content" FileName="SF/SF-ICShopWirecardPaymentPending.Content.html" delete="1"/><Template Name="Head-ICWirecardRedirect" FileName="SF/SF-ICShopWirecardPaymentPending.Head-ICWirecardRedirect.html" delete="1"/><ViewAction URLAction="ViewPaymentICWirecardPending"/></PageType></Class><Class reference="1" Path="/Classes/Object"><PageType Alias="SF" reference="1"><Menu Template="Head" reference="1"><Menu Template="Head-ICWirecardRedirect" Position="200" delete="1"/></Menu><Template Name="Head-ICWirecardRedirect" FileName="SF/SF.Head-ICWirecardRedirect.html" delete="1"/></PageType></Class></Cartridge></epages>