<?xml version="1.0" encoding="UTF-8"?><epages><Cartridge reference="1" Package="DE_INNOCHANGE::Wirecard"><Class reference="1" Path="/Classes/PaymentMethodICWirecard"><PageType Alias="MBO-PaymentMethodICWirecardSettings" Base="MBO-PaymentMethod" delete="1"><Menu Template="Tabs" Base="Tabs" Position="1"><Menu Template="Tab-Settings" URLAction="MBO-ViewSettings" Position="20"/></Menu><Menu Template="RelatedTopic" Position="0"><Menu Template="RelatedTopic-Transactions" Class="Shop" URLAction="MBO-SearchICWirecardTransactions" Position="10"/></Menu><Template Name="RelatedTopic-Transactions" FileName="MBO/MBO-PaymentMethodICWirecard.RelatedTopic-Transactions.html"/><Template Name="TabPage" FileName="MBO/MBO-PaymentMethodICWirecardSettings.TabPage.html"/><ViewAction URLAction="MBO-ViewSettings"/></PageType></Class><Class reference="1" Path="/Classes/Object"><PageType Alias="MBO" reference="1"><Menu Name="Menu" reference="1"><Menu Name="Menu-Orders" reference="1"><Menu Name="Menu-Orders-Transactions" reference="1"><Menu Name="Transactions-ICWirecard" Template="INC-MenuItem-PaymentTransaction" Class="Shop" URLAction="MBO-SearchICWirecardTransactions" Position="8192" delete="1"/></Menu></Menu></Menu></PageType></Class><Class reference="1" Path="/Classes/Shop"><PageType Alias="MBO-PaymentList" reference="1"><Menu Template="PaymentBanner" reference="1"><Menu Template="PaymentBanner-ICWirecard" Position="8192" delete="1"/></Menu><Template Name="PaymentBanner-ICWirecard" FileName="MBO/MBO-Payment.PaymentBanner-ICWirecard.html" delete="1"/></PageType><PageType Alias="MBO-ICWirecardTransactions" Base="MBO-OrderManager" delete="1"><Template Name="Content" FileName="MBO/MBO-ICWirecardTransactions.Content.html"/><Template Name="Toolbar" FileName="MBO/MBO-ICWirecardTransactions.Toolbar.html"/><Template Name="TabPage" FileName="MBO/MBO-ICWirecardTransactions.TabPage.html"/></PageType><PageType Alias="MBO-SearchICWirecardTransactions" Base="MBO-ICWirecardTransactions" delete="1"><Menu Template="Tabs" Position="0"><Menu Template="Tab-General" URLAction="MBO-SearchICWirecardTransactions" Position="10"/></Menu><ViewAction URLAction="MBO-SearchICWirecardTransactions"/></PageType><PageType Alias="MBO-ViewICWirecardTransactions" Base="MBO-ICWirecardTransactions" delete="1"><Menu Template="Tabs" Position="0"><Menu Template="Tab-General" URLAction="MBO-ViewICWirecardTransactions" Position="10"/></Menu><ViewAction URLAction="MBO-ViewICWirecardTransactions"/></PageType></Class></Cartridge></epages>