<?xml version="1.0" encoding="UTF-8"?><epages><Role reference="1" Path="/Classes/Shop/Roles/Merchant"><RoleAction Class="PaymentMethodICWirecard" Action="MBO-ViewSettings" delete="1"/><RoleAction Class="PaymentMethodICWirecard" Action="SaveSettings" delete="1"/><RoleAction Class="Shop" Action="MBO-SearchICWirecardTransactions" delete="1"/><RoleAction Class="Shop" Action="MBO-ViewICWirecardTransactions" delete="1"/></Role><Role reference="1" Path="/Classes/User/Roles/User"><RoleAction Class="Basket" Action="ViewPaymentICWirecard" delete="1"/><RoleAction Class="Basket" Action="ViewMultiPaymentICWirecard" delete="1"/></Role><Role reference="1" Path="/Classes/Shop/Roles/Customer"><RoleAction Class="Shop" Action="PaymentSuccessICWirecard" delete="1"/><RoleAction Class="Shop" Action="PaymentFailureICWirecard" delete="1"/><RoleAction Class="Shop" Action="PaymentConfirmICWirecard" delete="1"/><RoleAction Class="Shop" Action="PaymentPendingICWirecard" delete="1"/><RoleAction Class="Shop" Action="SendPaymentConfirmICWirecardResponse" delete="1"/><RoleAction Class="Shop" Action="ViewPaymentICWirecardError" delete="1"/><RoleAction Class="Shop" Action="ViewPaymentICWirecardPending" delete="1"/></Role></epages>