<?xml version="1.0" encoding="UTF-8"?><epages><Class reference="1" Path="/Classes/LineItemPaymentICWirecard"><Object Alias="SearchDefinitions" delete="1"><SearchFrom TableShortCut="li" TableName="lineitempaymentexternal" PrimaryKey="lineitempaymentexternalid" IsMaster="1"/><SearchDefinition MaxResults="100" DBDriver="SQL" SearchName="Transactions" FromPart="           from lineitempaymentexternal li           inner join object lio on li.lineitempaymentexternalid = lio.objectid           inner join object co  on co.objectid = lio.classid           inner join object lc  on lc.objectid = lio.parentid           inner join object o   on o.objectid = lc.parentid           inner join object p   on p.objectid = o.parentid         " WherePart="co.alias='LineItemPaymentICWirecard' and li.transstatus is not null and p.alias = 'Orders'"><SearchParameter Position="10" Parameter="Shop.ID" DefaultOperator="=" WherePart="lio.siteid = #Shop.ID"/><SearchParameter Position="20" Parameter="TransIDString" DefaultOperator="like" WherePart="li.transid like #TransIDString"/><SearchParameter Position="30" Parameter="TransStatus" DefaultOperator="=" WherePart="li.transstatus = #TransStatus"/><SearchParameter Position="40" Parameter="TransTimeFrom" DefaultOperator=">=" WherePart="li.transtime >= #TransTimeFrom"/><SearchParameter Position="50" Parameter="TransTimeTo" DefaultOperator="&lt;=" WherePart="li.transtime &lt;= #TransTimeTo"/><SearchSort Parameter="TransID" OrderByPart="li.transid"/><SearchSort Parameter="TransTime" OrderByPart="li.transtime"/><SearchSort Parameter="TransStatus" OrderByPart="li.transstatus"/><SearchSort Parameter="Amount" OrderByPart="li.amount"/><SearchSort Parameter="LineItemContainer.Parent.Alias" OrderByPart="o.alias"/></SearchDefinition></Object></Class></epages>