<?xml version="1.0" encoding="iso-8859-1"?><epages><Language Language="de"><Object Path="/Classes/PaymentMethodICWirecard"><Attribute Name="Name">Zahlungsmethode - Wirecard</Attribute></Object><Object Path="/Classes/System/Attributes/ICWirecard_InitTransactionURL"><Attribute Name="Name">URL des Wirecard-Bezahlsystems</Attribute></Object><Object Path="/Classes/System/Attributes/ICWirecard_MerchantRegisterURL"><Attribute Name="Name">URL zum Registrieren als Wirecard-H�ndler</Attribute><Attribute Name="Description">Ist dieser Wert definiert, so wird auf der MBO-Einstellungsseite ein entsprechender Link zum Registrieren angezeigt.</Attribute></Object><Object Path="/Classes/System/Attributes/ICWirecard_GeneralInformationURL"><Attribute Name="Name">URL zu den allgemeinen Shop Plugin Informationen</Attribute><Attribute Name="Description">Ist dieser Wert definiert, so wird auf der MBO-Einstellungsseite ein entsprechende Link zu den Informationen angezeigt.</Attribute></Object></Language></epages>