<?xml version="1.0" encoding="iso-8859-1"?><epages><Language Language="de"><Object Path="/Classes/Shop/Actions/MBO-SearchICWirecardTransactions"><Attribute Name="Name">Wirecard-Transaktionen</Attribute><Attribute Name="MenuName"><notrans>Wirecard</notrans></Attribute></Object><Object Path="/Classes/Shop/Actions/MBO-ViewICWirecardTransactions"><Attribute Name="Name">Wirecard-Transaktionen</Attribute></Object><Object Path="/Classes/PaymentMethodICWirecard/Actions/MBO-ViewSettings"><Attribute Name="Name">Einstellungen</Attribute></Object></Language></epages>