<?xml version="1.0" encoding="UTF-8"?>
<!--
 [y] hybris Platform

 Copyright (c) 2000-2011 hybris AG
 All rights reserved.

 This software is the confidential and proprietary information of hybris
 ("Confidential Information"). You shall not disclose such Confidential
 Information and shall use it only in accordance with the terms of the
 license agreement you entered into with hybris.
-->

<beans xmlns="http://www.springframework.org/schema/beans" xmlns:xsi="http://www.w3.org/2001/XMLSchema-instance"
	xsi:schemaLocation="http://www.springframework.org/schema/beans
           http://www.springframework.org/schema/beans/spring-beans-3.0.xsd">

	<bean id="abstractBtgFilter" abstract="true">
		<property name="eventService" ref="eventService" />
	</bean>
	<bean id="refererHeaderBtgFilter" class="de.hybris.platform.yacceleratorstorefront.servlets.btg.RefererHeaderBtgFilter"
		parent="abstractBtgFilter" scope="singleton" />
	<bean id="requestParamsBtgFilter" class="de.hybris.platform.yacceleratorstorefront.servlets.btg.RequestParamsBtgFilter"
		parent="abstractBtgFilter" scope="singleton" />
	<bean id="productVisitedBtgFilter" class="de.hybris.platform.yacceleratorstorefront.servlets.btg.ProductVisitedBtgFilter"
		parent="abstractBtgFilter" scope="singleton">
		<property name="pkResolvingStrategy" ref="productPkResolvingStrategy" />
	</bean>
	<bean id="categoryVisitedBtgFilter" class="de.hybris.platform.yacceleratorstorefront.servlets.btg.CategoryVisitedBtgFilter"
		parent="abstractBtgFilter" scope="singleton">
		<property name="pkResolvingStrategy" ref="categoryPkResolvingStrategy" />
	</bean>
	<bean id="productPkResolvingStrategy" class="de.hybris.platform.yacceleratorstorefront.servlets.btg.impl.ProductPkResolvingStrategy"
		scope="tenant">
		<property name="urlParsingStrategy" ref="productUrlParsingStrategy" />
		<property name="productService" ref="productService" />
	</bean>
	<bean id="productUrlParsingStrategy" class="de.hybris.platform.yacceleratorstorefront.servlets.btg.impl.DefaultUrlParsingStrategy"
		scope="tenant">
		<property name="regex" value="^/.+/p/(\w+)$" />
	</bean>
	<bean id="categoryPkResolvingStrategy" class="de.hybris.platform.yacceleratorstorefront.servlets.btg.impl.CategoryPkResolvingStrategy"
		scope="tenant">
		<property name="urlParsingStrategy" ref="categoryUrlParsingStrategy" />
		<property name="categoryService" ref="commerceCategoryService" />
	</bean>
	<bean id="categoryUrlParsingStrategy" class="de.hybris.platform.yacceleratorstorefront.servlets.btg.impl.DefaultUrlParsingStrategy"
		scope="tenant">
		<property name="regex" value="^/.+/c/(\w+)$" />
	</bean>

</beans>
