<?xml version="1.0" encoding="UTF-8"?>
<!--
 [y] hybris Platform

 Copyright (c) 2000-2011 hybris AG
 All rights reserved.

 This software is the confidential and proprietary information of hybris
 ("Confidential Information"). You shall not disclose such Confidential
 Information and shall use it only in accordance with the terms of the
 license agreement you entered into with hybris.
-->

<beans xmlns="http://www.springframework.org/schema/beans" xmlns:security="http://www.springframework.org/schema/security"
	xmlns:xsi="http://www.w3.org/2001/XMLSchema-instance"
	xsi:schemaLocation="http://www.springframework.org/schema/beans
           http://www.springframework.org/schema/beans/spring-beans-3.0.xsd
           http://www.springframework.org/schema/security
           http://www.springframework.org/schema/security/spring-security-3.0.xsd">

	<security:http entry-point-ref="securityAuthEntryPoint">

		<security:anonymous username="anonymous" granted-authority="ROLE_ANONYMOUS" />

		<!-- session stealing is prevented by using secure GUID cookie -->
		<security:session-management session-fixation-protection="none" />

		<security:intercept-url pattern="/_ui/**" filters="none" />
		<security:intercept-url pattern="/js/**" filters="none" />
		<security:intercept-url pattern="/stylesheets/**" filters="none" />

		<!-- SSL / AUTHENTICATED pages Checkout. Account pages. -->
		<security:intercept-url pattern="/checkout*" access="ROLE_CUSTOMERGROUP" requires-channel="https" />
		<security:intercept-url pattern="/checkout/**" access="ROLE_CUSTOMERGROUP" requires-channel="https" />
		<security:intercept-url pattern="/my-account*" access="ROLE_CUSTOMERGROUP" requires-channel="https" />
		<security:intercept-url pattern="/my-account/**" access="ROLE_CUSTOMERGROUP" requires-channel="https" />

		<!-- SSL / ANONYMOUS pages Login pages need to be SSL, but occur before authentication -->
		<security:intercept-url pattern="/wirecard/response" requires-channel="https" />
		<security:intercept-url pattern="/wirecard/qmoreFallbackResponse" requires-channel="https" />
		<security:intercept-url pattern="/login" requires-channel="https" />
		<security:intercept-url pattern="/login/**" requires-channel="https" />
		<security:intercept-url pattern="/j_spring_security_check" requires-channel="https" />
		<security:intercept-url pattern="/logout" requires-channel="https" />
		<security:intercept-url pattern="/update_basket_prices.json" requires-channel="any" />
		<security:intercept-url pattern="/remove_product_from_basket.json" requires-channel="any" />
		<security:intercept-url pattern="/s/slang" requires-channel="any" />
		<security:intercept-url pattern="/s/scurrency" requires-channel="any" />
		<security:intercept-url pattern="/search" requires-channel="any" />
		<security:intercept-url pattern="/cart/rollover/MiniCart" requires-channel="any" />
		
		<!-- OPEN / ANONYMOUS pages Run all other (public) pages openly. Note that while credentials are secure, the session id can be sniffed.
			If this is a security concern, then this line should be re considered -->
		<security:intercept-url pattern="/**" requires-channel="http" />

		<security:form-login login-page="/login" default-target-url="/my-account" always-use-default-target="false"
			authentication-failure-handler-ref="authenticationFailureHandler" authentication-success-handler-ref="guidAuthenticationSuccessHandler" />

		<security:logout logout-url="/logout" success-handler-ref="logoutSuccessHandler" />

		<security:port-mappings>
			<security:port-mapping http="#{configurationService.configuration.getProperty('tomcat.http.port')}"
				https="#{configurationService.configuration.getProperty('tomcat.ssl.port')}" />
			<security:port-mapping http="80" https="443" />
			<!--security:port-mapping http="#{configurationService.configuration.getProperty('proxy.http.port')}"
				https="#{configurationService.configuration.getProperty('proxy.ssl.port')}" /-->
		</security:port-mappings>

		<security:request-cache ref="httpSessionRequestCache" />

	</security:http>

	<security:authentication-manager alias="authenticationManager">
		<security:authentication-provider ref="acceleratorAuthenticationProvider" />
	</security:authentication-manager>

	<bean id="acceleratorAuthenticationProvider" class="de.hybris.platform.yacceleratorstorefront.security.AcceleratorAuthenticationProvider"
		scope="tenant">
		<property name="userDetailsService" ref="coreUserDetailsService" />
		<property name="adminGroup" value="ROLE_ADMINGROUP"/>
	</bean>

	<bean id="coreUserDetailsService" class="de.hybris.platform.spring.security.CoreUserDetailsService" scope="tenant" />

	<bean id="guidCookieStrategy" class="de.hybris.platform.yacceleratorstorefront.security.impl.DefaultGUIDCookieStrategy"
		scope="tenant">
		<property name="cookieGenerator" ref="guidCookieGenerator" />
	</bean>

	<bean id="guidCookieGenerator" class="org.springframework.web.util.CookieGenerator" scope="tenant">
		<property name="cookieSecure" value="true" />
		<property name="cookieName" value="acceleratorSecureGUID" />
	</bean>

	<bean id="securityAuthEntryPoint" class="org.springframework.security.web.authentication.DelegatingAuthenticationEntryPoint"
		scope="tenant">
		<constructor-arg>
			<map>
				<entry key-ref="checkoutPathMatcher" value-ref="checkoutAuthEntryPoint" />
			</map>
		</constructor-arg>
		<property name="defaultEntryPoint" ref="mainAuthEntryPoint" />
	</bean>

	<bean id="mainAuthEntryPoint" class="org.springframework.security.web.authentication.LoginUrlAuthenticationEntryPoint"
		scope="tenant">
		<property name="loginFormUrl" value="/login" />
		<property name="forceHttps" value="true" />
		<property name="useForward" value="false" />
	</bean>

	<bean id="checkoutAuthEntryPoint" class="org.springframework.security.web.authentication.LoginUrlAuthenticationEntryPoint"
		scope="tenant">
		<property name="loginFormUrl" value="/login/checkout" />
		<property name="forceHttps" value="true" />
		<property name="useForward" value="false" />
	</bean>

	<bean id="checkoutPathMatcher" class="de.hybris.platform.yacceleratorstorefront.security.impl.RegexRequestMatcher" scope="tenant">
		<property name="pattern" value="/checkout.*" />
	</bean>

	<bean id="redirectStrategy" class="org.springframework.security.web.DefaultRedirectStrategy" scope="tenant" />

	<bean id="autoLoginStrategy" class="de.hybris.platform.yacceleratorstorefront.security.impl.DefaultAutoLoginStrategy" scope="tenant">
		<property name="authenticationManager" ref="authenticationManager" />
		<property name="customerFacade" ref="customerFacade" />
		<property name="guidCookieStrategy" ref="guidCookieStrategy"/>
	</bean>

	<bean id="logoutSuccessHandler" class="de.hybris.platform.yacceleratorstorefront.security.StoreFrontLogoutSuccessHandler"
		scope="tenant">
		<property name="defaultTargetUrl" value="/?logout=true"/>
	</bean>

	<bean id="guidAuthenticationSuccessHandler" class="de.hybris.platform.yacceleratorstorefront.security.GUIDAuthenticationSuccessHandler"
		scope="tenant">
		<property name="authenticationSuccessHandler" ref="authenticationSuccessHandler" />
		<property name="guidCookieStrategy" ref="guidCookieStrategy" />
	</bean>

	<bean id="authenticationSuccessHandler" class="de.hybris.platform.yacceleratorstorefront.security.StoreFrontAuthenticationSuccessHandler"
		scope="tenant">
		<property name="customerFacade" ref="customerFacade" />
		<property name="localeResolver" ref="localeResolver"/>
		<property name="commonI18NService" ref="commonI18NService"/>
		<property name="defaultTargetUrl" value="/my-account"/>
	</bean>

	<bean id="authenticationFailureHandler" class="de.hybris.platform.yacceleratorstorefront.security.LoginAuthenticationFailureHandler" scope="tenant">
		<property name="checkoutFailureUrl" value="/login/checkout?error=true" />
		<property name="defaultFailureUrl" value="/login?error=true" />
	</bean>
	
	<bean id="httpSessionRequestCache" class="de.hybris.platform.yacceleratorstorefront.security.impl.WebHttpSessionRequestCache"
		scope="tenant" />
	
</beans>
