<?xml version="1.0" encoding="UTF-8"?>
<!--
 [y] hybris Platform

 Copyright (c) 2000-2011 hybris AG
 All rights reserved.

 This software is the confidential and proprietary information of hybris
 ("Confidential Information"). You shall not disclose such Confidential
 Information and shall use it only in accordance with the terms of the
 license agreement you entered into with hybris.
-->

<beans xmlns="http://www.springframework.org/schema/beans" xmlns:mvc="http://www.springframework.org/schema/mvc" xmlns:xsi="http://www.w3.org/2001/XMLSchema-instance"
       xmlns:context="http://www.springframework.org/schema/context"
       xmlns:util="http://www.springframework.org/schema/util"
       xsi:schemaLocation="http://www.springframework.org/schema/beans
           http://www.springframework.org/schema/beans/spring-beans-3.0.xsd
           http://www.springframework.org/schema/context
           http://www.springframework.org/schema/context/spring-context-3.0.xsd
           http://www.springframework.org/schema/mvc
           http://www.springframework.org/schema/mvc/spring-mvc-3.0.xsd
           http://www.springframework.org/schema/beans
           http://www.springframework.org/schema/beans/spring-beans.xsd
           http://www.springframework.org/schema/util
           http://www.springframework.org/schema/util/spring-util.xsd">



	<!-- Section for Traditional Spring MVC. annotation driven controllers, and a list of packages to scan. Can be extended by adding
		(or removing) packages. -->
	
	<!-- activates annotation driven binding -->
	<bean id="pathMatcher" class="org.springframework.util.AntPathMatcher"/>
	<bean id="urlPathHelper" class="org.springframework.web.util.UrlPathHelper"/>

	<bean id="defaultPageHandler" class="de.hybris.platform.yacceleratorstorefront.controllers.pages.DefaultPageController"/>
	
	<bean class="org.springframework.web.servlet.mvc.annotation.DefaultAnnotationHandlerMapping">
		<property name="order" value="0"/>
		<property name="useDefaultSuffixPattern" value="true"/>
		<property name="pathMatcher" ref="pathMatcher"/>
		<property name="urlPathHelper" ref="urlPathHelper"/>
		<property name="defaultHandler" ref="defaultPageHandler"/>
	</bean>

	<bean class="org.springframework.web.servlet.mvc.annotation.AnnotationMethodHandlerAdapter">
		<property name="pathMatcher" ref="pathMatcher"/>
		<property name="urlPathHelper" ref="urlPathHelper"/>
		<property name="webBindingInitializer">
			<bean class="org.springframework.web.bind.support.ConfigurableWebBindingInitializer">
				<!-- <property name="conversionService" ref="conversionService"/> -->
				<property name="validator" ref="validator"/>
			</bean>
		</property>
		<property name="messageConverters">
			<list>
				<bean class="org.springframework.http.converter.ByteArrayHttpMessageConverter"/>
				<bean class="org.springframework.http.converter.StringHttpMessageConverter">
					<property name="writeAcceptCharset" value="false"/>
				</bean>
				<bean class="org.springframework.http.converter.ResourceHttpMessageConverter"/>
				<bean class="org.springframework.http.converter.xml.SourceHttpMessageConverter"/>
				<bean class="org.springframework.http.converter.xml.XmlAwareFormHttpMessageConverter"/>
				<bean class="org.springframework.http.converter.xml.Jaxb2RootElementHttpMessageConverter"/>
				<bean class="org.springframework.http.converter.json.MappingJacksonHttpMessageConverter" />
				<!-- <bean class="org.springframework.http.converter.feed.AtomFeedHttpMessageConverter" />
					  <bean class="org.springframework.http.converter.feed.RssChannelHttpMessageConverter" /> -->
			</list>
		</property>
	</bean>


	<!-- Scan for annotation configured controller -->
	<!-- <context:component-scan base-package="de.hybris.platform.yacceleratorstorefront"/> -->
	
	<!-- Scan for annotation configured controller -->
	<context:component-scan base-package="de.hybris.platform.yacceleratorstorefront">
		<context:exclude-filter type="assignable" expression="de.hybris.platform.yacceleratorstorefront.controllers.pages.CheckoutController"/>
	</context:component-scan>
	<context:component-scan base-package="de.hmmh.wirecard"/>

	<mvc:interceptors>
		<bean class="de.hybris.platform.yacceleratorstorefront.interceptors.LocaleInterceptor" scope="tenant"/>
		<bean class="de.hybris.platform.yacceleratorstorefront.interceptors.CmsPageInterceptor" scope="tenant"/>
		<bean class="de.hybris.platform.yacceleratorstorefront.interceptors.DebugInterceptor" scope="tenant" />

		<!-- <bean class="org.springframework.web.servlet.handler.ConversionServiceExposingInterceptor" scope="tenant">
			<constructor-arg ref="conversionService"/>
		</bean> -->
		<bean class="de.hybris.platform.yacceleratorstorefront.security.GUIDInterceptor" scope="tenant">
			<property name="redirectStrategy" ref="redirectStrategy"/>
			<property name="loginUrl" value="/login"/>
			<property name="excludeUrls">
				<set>
					<value></value>
					<value>/login</value>
					<value>/login/register</value>
					<value>/login/checkout</value>
					<value>/login/checkout/register</value>
					<value>/login/pw/request</value>
					<value>/login/pw/change</value>
					<value>/s/slang</value>
					<value>/s/scurrency</value>
					<value>/search</value>
					<value>/cart/rollover/MiniCart</value>
					<value>/wirecard</value>
					<value>/wirecard/response</value>
					<value>/wirecard/qmoreFallbackResponse</value>
				</set>
			</property>
			<property name="cookieGenerator" ref="guidCookieGenerator"/>
			<property name="urlPathHelper" ref="urlPathHelper"/>
		</bean>
		<bean class="de.hybris.platform.yacceleratorstorefront.servlets.btg.ContentPageVisitedBtgInterceptor" scope="tenant">
			<property name="eventService" ref="eventService"/>
		</bean>
	</mvc:interceptors>

	<!-- Tell Spring MVC how to find its jsp files -->
	<bean id="viewResolver" class="org.springframework.web.servlet.view.InternalResourceViewResolver">
		<property name="viewClass" value="org.springframework.web.servlet.view.JstlView"/>
		<property name="prefix" value="/WEB-INF/views/"/>
		<property name="suffix" value=".jsp"/>
		<property name="redirectHttp10Compatible" value="false"/>
	</bean>

	<!-- Localization -->
	<bean id="validator" class="org.springframework.validation.beanvalidation.LocalValidatorFactoryBean">
		<property name="validationMessageSource" ref="messageSource"/>
	</bean>

	<bean id="messageSource" class="org.springframework.context.support.ReloadableResourceBundleMessageSource">
		<property name="basenames">
			<list>
				<value>/WEB-INF/messages/base</value>
			</list>
		</property>
		<property name="defaultEncoding" value="UTF-8"/>
		<!-- The number of seconds to cache loaded properties files. Set to -1 (never) for production. -->
		<property name="cacheSeconds" value="#{configurationService.configuration.getProperty('storefront.resourceBundle.cacheSeconds')}"/>
		<property name="fallbackToSystemLocale" value="false"/>
	</bean>

	<!-- theme message source - falls back to the messageSource -->
	<bean id="themeSource" class="de.hybris.platform.yacceleratorstorefront.support.CustomResourceBundleThemeSource">
		<property name="siteBasenamePrefix" value="/WEB-INF/messages/site-" />
		<property name="themeBasenamePrefix" value="/WEB-INF/messages/theme-" />
		<property name="parentMessageSource" ref="messageSource" />
		<!-- The number of seconds to cache loaded properties files. Set to -1 (never) for production. -->
		<property name="cacheSeconds" value="#{configurationService.configuration.getProperty('storefront.resourceBundle.cacheSeconds')}"/>
		<property name="defaultEncoding" value="UTF-8"/>
	</bean>

	<!-- Theme Resolver Will resolve Theme from current page and then current cms site -->
	<alias name="defaultThemeResolver" alias="themeResolver"/>
	<bean id="defaultThemeResolver" class="de.hybris.platform.yacceleratorstorefront.servlets.util.DefaultThemeResolver">
		<property name="cmsSiteService" ref="cmsSiteService"/>
		<property name="defaultThemeName" value="electronics,blue"/>
	</bean>
	
	<bean id="localeResolver" class="de.hybris.platform.yacceleratorstorefront.i18n.SessionLocaleResolver"/>

	<!-- CMS Content Element Controllers -->

	<bean id="browseHistory" class="de.hybris.platform.yacceleratorstorefront.breadcrumb.impl.DefaultBrowseHistory" scope="tenant">
		<property name="sessionService" ref="sessionService" />
		<property name="capacity" value="10" />
	</bean>

	<bean id="productBreadcrumbBuilder" class="de.hybris.platform.yacceleratorstorefront.breadcrumb.impl.ProductBreadcrumbBuilder" scope="tenant">
		<property name="browseHistory" ref="browseHistory" />
		<property name="categoryConverter" ref="categoryConverter" />
		<property name="productModelUrlResolver" ref="productModelUrlResolver"/>
		<property name="categoryDataUrlResolver" ref="categoryDataUrlResolver"/>
	</bean>

	<bean id="searchBreadcrumbBuilder" class="de.hybris.platform.yacceleratorstorefront.breadcrumb.impl.SearchBreadcrumbBuilder" scope="tenant">
		<property name="commerceCategoryService" ref="commerceCategoryService"/>
		<property name="categoryModelUrlResolver" ref="categoryModelUrlResolver"/>
	</bean>

	<bean id="simpleBreadcrumbBuilder" class="de.hybris.platform.yacceleratorstorefront.breadcrumb.impl.SimpleBreadcrumbBuilder" scope="tenant">
		<property name="messageSource" ref="messageSource" />
		<property name="i18nService" ref="i18nService" />
	</bean>
	
	<bean id="contentPageBreadcrumbBuilder" class="de.hybris.platform.yacceleratorstorefront.breadcrumb.impl.ContentPageBreadcrumbBuilder" scope="tenant"/>
	
	<bean id="accountBreadcrumbBuilder" class="de.hybris.platform.yacceleratorstorefront.breadcrumb.impl.AccountBreadcrumbBuilder" scope="tenant">
		<property name="messageSource" ref="messageSource" />
		<property name="i18nService" ref="i18nService" />
	</bean>
	
	<bean id="storefinderBreadcrumbBuilder" class="de.hybris.platform.yacceleratorstorefront.breadcrumb.impl.StorefinderBreadcrumbBuilder" scope="tenant"/>

	<alias name="defaultCMSPageURLMappingHandler" alias="cmsPageUrlHandlerMapping" />
	<bean id="defaultCMSPageURLMappingHandler" class="de.hybris.platform.yacceleratorstorefront.preview.DefaultCMSPageURLMappingHandler" scope="tenant">
		<property name="pageMapping">
			<map>
				<entry key="homepage" value="/"/>
				<entry key="cartPage" value="/cart"/>
				<entry key="search" value="/search"/>
				<entry key="searchEmpty" value="/search"/>
				<entry key="account" value="/my-account"/>
				<entry key="profile" value="/my-account/profile"/>
				<entry key="address-book" value="/my-account/address-book"/>
				<entry key="add-edit-address" value="/my-account/add-edit-address"/>
				<entry key="payment-details" value="/my-account/payment-details"/>
				<entry key="order" value="/my-account/order"/>
				<entry key="orders" value="/my-account/orders"/>
				<entry key="checkoutSummaryPage" value="/checkout/summary"/>
				<entry key="storefinderPage" value="/store-finder"/>
				<entry key="login" value="/login"/>
				<entry key="checkout-login" value="/login/checkout"/>
				<entry key="forgottenPassword" value="/login/pw/request"/>
				<entry key="updatePassword" value="/login/pw/change"/>
			</map>
		</property>
	</bean>
	
	<bean id="pageTitleResolver" class="de.hybris.platform.yacceleratorstorefront.support.PageTitleResolver">
		<property name="cmsSiteService" ref="cmsSiteService"/>
		<property name="commerceCategoryService" ref="commerceCategoryService"/>
		<property name="productService" ref="productService"/>
	</bean>
	
	<alias name="defaultVariantSortStrategy" alias="variantSortStrategy" />
	<bean id="defaultVariantSortStrategy" class="de.hybris.platform.yacceleratorstorefront.variants.impl.DefaultVariantSortStrategy" scope="tenant">
		<property name="sortingFieldsOrder">
			<list>
				<value>size</value>
			</list>
		</property>
		<property name="comparators">
			<util:map>
				<entry key="size" value-ref="sizeAttributeComparator"/>
			</util:map>
		</property>
		<property name="defaultComparator" ref="variantsComparator"/>
	</bean>

	<alias name="defaultVariantsComparator" alias="variantsComparator" />
	<bean id="defaultVariantsComparator" class="de.hybris.platform.yacceleratorstorefront.variants.impl.DefaultVariantComparator"/>
	
</beans>
