
<project xmlns="http://maven.apache.org/POM/4.0.0" xmlns:xsi="http://www.w3.org/2001/XMLSchema-instance"
	xsi:schemaLocation="http://maven.apache.org/POM/4.0.0 http://maven.apache.org/xsd/maven-4.0.0.xsd">
	<modelVersion>4.0.0</modelVersion>
	<groupId>de.hybris.platform</groupId>
	<artifactId>yacceleratorstorefront</artifactId>
	<version>4.5.0</version>

	<packaging>jar</packaging>


	<properties>
		<spring.integration.version>2.0.4.RELEASE</spring.integration.version>
		<spring.version>3.0.5.RELEASE</spring.version>
	</properties>
	<dependencies>
		<dependency>
			<groupId>javax.servlet.jsp.jstl</groupId>
			<artifactId>jstl-api</artifactId>
			<version>1.2</version>
		</dependency>
		<dependency>
			<groupId>org.glassfish.web</groupId>
			<artifactId>jstl-impl</artifactId>
			<version>1.2</version>
		</dependency>
		<dependency>
			<groupId>org.springframework.security</groupId>
			<artifactId>spring-security-taglibs</artifactId>
			<version>3.0.5.RELEASE</version>
		</dependency>
		<dependency>
		  <groupId>org.springframework</groupId>
		  <artifactId>spring-webmvc</artifactId>
		  <version>3.0.5.RELEASE</version>
		</dependency>
	
	</dependencies>
</project>