<?xml version="1.0" encoding="UTF-8" ?>
<install version="1.5" type="plugin" group="vmpayment" >
    <name>VMPAYMENT_WIRECARDCEECHECKOUT</name>
    <creationDate>April 05 2013</creationDate>
    <author>Wirecard CEE</author>
    <authorUrl>http://www.wirecard.at/</authorUrl>
    <copyright>Copyright (C) 2013 Wirecard CEE. All rights reserved.</copyright>
    <license>http://www.gnu.org/licenses/gpl-2.0.html GNU/GPL</license>
    <version>2.0.20b</version>
    <description><![CDATA[<a href="http://www.wirecard.at/" target="_blank">Wirecard CEE</a> is a popular
	payment provider and available in many countries. ]]>
    </description>

    <files>
	<filename plugin="wirecardceecheckout">wirecardceecheckout.php</filename>
    <folder>library</folder>
    <folder>wirecardceecheckout</folder>
    </files>

    <media folder="images" destination="../images/stories/virtuemart/payment">
        <filename>wirecard.png</filename>
    </media>

    <languages>
	<language tag="en-GB">en-GB.plg_vmpayment_wirecardceecheckout.ini</language>
    <language tag="en-GB">en-GB.plg_vmpayment_wirecardceecheckout.sys.ini</language>
    <language tag="de-DE">de-DE.plg_vmpayment_wirecardceecheckout.ini</language>
    </languages>
    <params addpath="/administrator/components/com_virtuemart/elements">
	<param type="vmjpluginwarning" />
	<param type="spacer" default="VMPAYMENT_WIRECARDCEECHECKOUT_PAYMENT_TITLE" level="level1" />

	<param type="spacer" default="" level="level1" />
	<param type="spacer" default="VMPAYMENT_WIRECARDCEECHECKOUT_PARAMS" level="level1" />

    <param	name="payment_logos" type="vmfiles" label="VMPAYMENT_WIRECARDCEECHECKOUT_LOGOS"
              description="VMPAYMENT_WIRECARDCEECHECKOUT_LOGOS_DESC"
              directory="/images/stories/virtuemart/payment"
              default="default" hide_default="1" hide_none="1"
              stripext="0"  exclude="^_" />

	<param name="customer_id" type="text" size="50" label="VMPAYMENT_WIRECARDCEECHECKOUT_CUSTOMER_ID" default="D200001" description="VMPAYMENT_WIRECARDCEECHECKOUT_CUSTOMER_ID_DESC" />
    <param name="shop_id" type="text" size="50" label="VMPAYMENT_WIRECARDCEECHECKOUT_SHOP_ID" default="" description="VMPAYMENT_WIRECARDCEECHECKOUT_SHOP_ID_DESC" />
    <param name="secret" type="text" size="50" label="VMPAYMENT_WIRECARDCEECHECKOUT_SECRET" default="B8AKTPWBRMNBV455FG6M2DANE99WU2" description="VMPAYMENT_WIRECARDCEECHECKOUT_SECRET_DESC" />

    <param name="image_url" type="text" size="70" label="VMPAYMENT_WIRECARDCEECHECKOUT_IMAGEURL" description="VMPAYMENT_WIRECARDCEECHECKOUT_IMAGEURL_DESC" />
    <param name="service_url" type="text" size="70" label="VMPAYMENT_WIRECARDCEECHECKOUT_SERVICEURL" description="VMPAYMENT_WIRECARDCEECHECKOUT_SERVICEURL_DESC" />

    <param name="max_retries" type="text" size="5" label="VMPAYMENT_WIRECARDCEECHECKOUT_MAX_RETRIES" default="-1" description="VMPAYMENT_WIRECARDCEECHECKOUT_MAX_RETRIES_DESC" />

	<param name="auto_deposit" type="radio" default="0" label="VMPAYMENT_WIRECARDCEECHECKOUT_AUTO_DEPOSIT" description="VMPAYMENT_WIRECARDCEECHECKOUT_AUTO_DEPOSIT_DESC">
	    <option value="0">COM_VIRTUEMART_NO</option>
	    <option value="1">COM_VIRTUEMART_YES</option>
	</param>
    <param name="send_additional_data" type="radio" default="1" label="VMPAYMENT_WIRECARDCEECHECKOUT_SEND_ADDITIONAL_DATA" description="VMPAYMENT_WIRECARDCEECHECKOUT_SEND_ADDITIONAL_DATA_DESC">
        <option value="0">COM_VIRTUEMART_NO</option>
        <option value="1">COM_VIRTUEMART_YES</option>
    </param>
    <param name="use_iframe" type="radio" default="0" label="VMPAYMENT_WIRECARDCEECHECKOUT_USE_IFRAME" description="VMPAYMENT_WIRECARDCEECHECKOUT_USE_IFRAME_DESC">
        <option value="0">COM_VIRTUEMART_NO</option>
        <option value="1">COM_VIRTUEMART_YES</option>
    </param>
    <param name="display_text" type="text" size="50" label="VMPAYMENT_WIRECARDCEECHECKOUT_DISPLAYTEXT" description="VMPAYMENT_WIRECARDCEECHECKOUT_DISPLAYTEXT_DESC" />

    <param type="spacer" default="" level="level1" />
    <param type="spacer" default="VMPAYMENT_WIRECARDCEECHECKOUT_PAYMENTTYPES" level="level1" />

    <param name="paymenttype_select" type="radio" default="0" label="VMPAYMENT_WIRECARDCEECHECKOUT_PAYMENTTYPE_SELECT" description="VMPAYMENT_WIRECARDCEECHECKOUT_PAYMENTTYPE_CCARD_SELECT">
        <option value="0">COM_VIRTUEMART_NO</option>
        <option value="1">COM_VIRTUEMART_YES</option>
    </param>
    <param name="paymenttype_ccard" type="radio" default="0" label="VMPAYMENT_WIRECARDCEECHECKOUT_PAYMENTTYPE_CCARD" description="VMPAYMENT_WIRECARDCEECHECKOUT_PAYMENTTYPE_CCARD_DESC">
        <option value="0">COM_VIRTUEMART_NO</option>
        <option value="1">COM_VIRTUEMART_YES</option>
    </param>
    <param name="paymenttype_ccard_moto" type="radio" default="0" label="VMPAYMENT_WIRECARDCEECHECKOUT_PAYMENTTYPE_CCARD_MOTO" description="VMPAYMENT_WIRECARDCEECHECKOUT_PAYMENTTYPE_CCARD_MOTO">
        <option value="0">COM_VIRTUEMART_NO</option>
        <option value="1">COM_VIRTUEMART_YES</option>
    </param>
    <param name="paymenttype_maestro" type="radio" default="0" label="VMPAYMENT_WIRECARDCEECHECKOUT_PAYMENTTYPE_MAESTRO" description="VMPAYMENT_WIRECARDCEECHECKOUT_PAYMENTTYPE_MAESTRO_DESC">
        <option value="0">COM_VIRTUEMART_NO</option>
        <option value="1">COM_VIRTUEMART_YES</option>
    </param>
    <param name="paymenttype_eps" type="radio" default="0" label="VMPAYMENT_WIRECARDCEECHECKOUT_PAYMENTTYPE_EPS" description="VMPAYMENT_WIRECARDCEECHECKOUT_PAYMENTTYPE_EPS_DESC">
        <option value="0">COM_VIRTUEMART_NO</option>
        <option value="1">COM_VIRTUEMART_YES</option>
    </param>
    <param name="paymenttype_idl" type="radio" default="0" label="VMPAYMENT_WIRECARDCEECHECKOUT_PAYMENTTYPE_IDL" description="VMPAYMENT_WIRECARDCEECHECKOUT_PAYMENTTYPE_IDL_DESC">
        <option value="0">COM_VIRTUEMART_NO</option>
        <option value="1">COM_VIRTUEMART_YES</option>
    </param>
    <param name="paymenttype_giropay" type="radio" default="0" label="VMPAYMENT_WIRECARDCEECHECKOUT_PAYMENTTYPE_GIROPAY" description="VMPAYMENT_WIRECARDCEECHECKOUT_PAYMENTTYPE_GIROPAY_DESC">
        <option value="0">COM_VIRTUEMART_NO</option>
        <option value="1">COM_VIRTUEMART_YES</option>
    </param>
    <param name="paymenttype_sofortueberweisung" type="radio" default="0" label="VMPAYMENT_WIRECARDCEECHECKOUT_PAYMENTTYPE_SOFORTUEBERWEISUNG" description="VMPAYMENT_WIRECARDCEECHECKOUT_PAYMENTTYPE_SOFORTUEBERWEISUNG_DESC">
        <option value="0">COM_VIRTUEMART_NO</option>
        <option value="1">COM_VIRTUEMART_YES</option>
    </param>
    <param name="paymenttype_pbx" type="radio" default="0" label="VMPAYMENT_WIRECARDCEECHECKOUT_PAYMENTTYPE_PBX" description="VMPAYMENT_WIRECARDCEECHECKOUT_PAYMENTTYPE_PBX_DESC">
        <option value="0">COM_VIRTUEMART_NO</option>
        <option value="1">COM_VIRTUEMART_YES</option>
    </param>
    <param name="paymenttype_psc" type="radio" default="0" label="VMPAYMENT_WIRECARDCEECHECKOUT_PAYMENTTYPE_PSC" description="VMPAYMENT_WIRECARDCEECHECKOUT_PAYMENTTYPE_PSC_DESC">
        <option value="0">COM_VIRTUEMART_NO</option>
        <option value="1">COM_VIRTUEMART_YES</option>
    </param>
    <param name="paymenttype_quick" type="radio" default="0" label="VMPAYMENT_WIRECARDCEECHECKOUT_PAYMENTTYPE_QUICK" description="VMPAYMENT_WIRECARDCEECHECKOUT_PAYMENTTYPE_QUICK_DESC">
        <option value="0">COM_VIRTUEMART_NO</option>
        <option value="1">COM_VIRTUEMART_YES</option>
    </param>
    <param name="paymenttype_paypal" type="radio" default="0" label="VMPAYMENT_WIRECARDCEECHECKOUT_PAYMENTTYPE_PAYPAL" description="VMPAYMENT_WIRECARDCEECHECKOUT_PAYMENTTYPE_PAYPAL_DESC">
        <option value="0">COM_VIRTUEMART_NO</option>
        <option value="1">COM_VIRTUEMART_YES</option>
    </param>
    <param name="paymenttype_elv" type="radio" default="0" label="VMPAYMENT_WIRECARDCEECHECKOUT_PAYMENTTYPE_ELV" description="VMPAYMENT_WIRECARDCEECHECKOUT_PAYMENTTYPE_ELV_DESC">
        <option value="0">COM_VIRTUEMART_NO</option>
        <option value="1">COM_VIRTUEMART_YES</option>
    </param>
    <param name="paymenttype_c2p" type="radio" default="0" label="VMPAYMENT_WIRECARDCEECHECKOUT_PAYMENTTYPE_C2P" description="VMPAYMENT_WIRECARDCEECHECKOUT_PAYMENTTYPE_C2P_DESC">
        <option value="0">COM_VIRTUEMART_NO</option>
        <option value="1">COM_VIRTUEMART_YES</option>
    </param>
    <param name="paymenttype_invoice" type="radio" default="0" label="VMPAYMENT_WIRECARDCEECHECKOUT_PAYMENTTYPE_INVOICE" description="VMPAYMENT_WIRECARDCEECHECKOUT_PAYMENTTYPE_INVOICE_DESC">
        <option value="0">COM_VIRTUEMART_NO</option>
        <option value="1">COM_VIRTUEMART_YES</option>
    </param>
    <param name="paymenttype_installment" type="radio" default="0" label="VMPAYMENT_WIRECARDCEECHECKOUT_PAYMENTTYPE_INSTALLMENT" description="VMPAYMENT_WIRECARDCEECHECKOUT_PAYMENTTYPE_INSTALLMENT_DESC">
        <option value="0">COM_VIRTUEMART_NO</option>
        <option value="1">COM_VIRTUEMART_YES</option>
    </param>
    <param name="paymenttype_bancontact_mistercash" type="radio" default="0" label="VMPAYMENT_WIRECARDCEECHECKOUT_PAYMENTTYPE_BANCONTACT_MISTERCASH" description="VMPAYMENT_WIRECARDCEECHECKOUT_PAYMENTTYPE_BANCONTACT_MISTERCASH_DESC">
        <option value="0">COM_VIRTUEMART_NO</option>
        <option value="1">COM_VIRTUEMART_YES</option>
    </param>
    <param name="paymenttype_p24" type="radio" default="0" label="VMPAYMENT_WIRECARDCEECHECKOUT_PAYMENTTYPE_P24" description="VMPAYMENT_WIRECARDCEECHECKOUT_PAYMENTTYPE_P24_DESC">
        <option value="0">COM_VIRTUEMART_NO</option>
        <option value="1">COM_VIRTUEMART_YES</option>
    </param>
    <param name="paymenttype_moneta" type="radio" default="0" label="VMPAYMENT_WIRECARDCEECHECKOUT_PAYMENTTYPE_MONETA" description="VMPAYMENT_WIRECARDCEECHECKOUT_PAYMENTTYPE_MONETA_DESC">
        <option value="0">COM_VIRTUEMART_NO</option>
        <option value="1">COM_VIRTUEMART_YES</option>
    </param>
    <param name="paymenttype_poli" type="radio" default="0" label="VMPAYMENT_WIRECARDCEECHECKOUT_PAYMENTTYPE_POLI" description="VMPAYMENT_WIRECARDCEECHECKOUT_PAYMENTTYPE_POLI_DESC">
        <option value="0">COM_VIRTUEMART_NO</option>
        <option value="1">COM_VIRTUEMART_YES</option>
    </param>
    <param name="paymenttype_ekonto" type="radio" default="0" label="VMPAYMENT_WIRECARDCEECHECKOUT_PAYMENTTYPE_EKONTO" description="VMPAYMENT_WIRECARDCEECHECKOUT_PAYMENTTYPE_EKONTO_DESC">
        <option value="0">COM_VIRTUEMART_NO</option>
        <option value="1">COM_VIRTUEMART_YES</option>
    </param>
    <param name="paymenttype_instantbank" type="radio" default="0" label="VMPAYMENT_WIRECARDCEECHECKOUT_PAYMENTTYPE_INSTANTBANK" description="VMPAYMENT_WIRECARDCEECHECKOUT_PAYMENTTYPE_INSTANTBANK_DESC">
        <option value="0">COM_VIRTUEMART_NO</option>
        <option value="1">COM_VIRTUEMART_YES</option>
    </param>

    <param type="spacer" default="" level="level1" />
	<param type="spacer" default="VMPAYMENT_WIRECARDCEECHECKOUT_RESTRICTIONS" level="level1" />

    <param  type="vmcountries" name="countries" scope="com_virtuemart" default="" label="VMPAYMENT_WIRECARDCEECHECKOUT_COUNTRIES" description="VMPAYMENT_WIRECARDCEECHECKOUT_COUNTRIES_DESC"/>
    <param type="text" name="invoice_min" label="VMPAYMENT_WIRECARDCEECHECKOUT_INVOICE_MIN" description="VMPAYMENT_WIRECARDCEECHECKOUT_INVOICE_MIN_DESC" />
    <param type="text" name="invoice_max" label="VMPAYMENT_WIRECARDCEECHECKOUT_INVOICE_MAX" description="VMPAYMENT_WIRECARDCEECHECKOUT_INVOICE_MAX_DESC" />
    <param type="text" name="installment_min" label="VMPAYMENT_WIRECARDCEECHECKOUT_INSTALLMENT_MIN" description="VMPAYMENT_WIRECARDCEECHECKOUT_INSTALLMENT_MIN_DESC" />
    <param type="text" name="installment_max" label="VMPAYMENT_WIRECARDCEECHECKOUT_INSTALLMENT_MAX" description="VMPAYMENT_WIRECARDCEECHECKOUT_INSTALLMENT_MAX_DESC" />

	<param type="spacer" default="" level="level1" />
	<param type="spacer" default="VMPAYMENT_WIRECARDCEECHECKOUT_PAYMENT_PAGE" level="level1" />
	<param name="status_pending" type="vmorderstate" scope="com_virtuemart" default="U" label="VMPAYMENT_WIRECARDCEECHECKOUT_STATUS_PENDING" description="VMPAYMENT_WIRECARDCEECHECKOUT_STATUS_PENDING_EXPLAIN" />
	<param name="status_success" type="vmorderstate" scope="com_virtuemart" default="C" label="VMPAYMENT_WIRECARDCEECHECKOUT_STATUS_SUCCESS" description="VMPAYMENT_WIRECARDCEECHECKOUT_STATUS_SUCCESS_EXPLAIN" />
	<param name="status_failed" type="vmorderstate" scope="com_virtuemart" default="X" label="VMPAYMENT_WIRECARDCEECHECKOUT_STATUS_FAILED" description="VMPAYMENT_WIRECARDCEECHECKOUT_STATUS_FAILED_EXPLAIN" />
    </params>
</install>
