<?xml version="1.0" encoding="UTF-8"?><Configuration><Properties><Property name="LOGPATH">C:/Dev/Software/qtill-lhl/logs</Property><Property name="LOGFILENAME">qtill-lhl.log</Property><Property name="ROTATIONDATEFORMAT">%d{yyyy-MM-dd-HH}</Property><Property name="LOGFORMAT">QTILL LHL [%d{DEFAULT_MICROS}] thread=%t: %p: %c: %m%n</Property><Property name="SUB_MERCHANT_1">merchant1</Property><Property name="SUB_MERCHANT_2">merchant2</Property><Property name="SUB_MERCHANT_3">merchant3</Property></Properties><Appenders><RollingFile name="MainFile" fileName="${LOGPATH}/${LOGFILENAME}" filePattern="${LOGPATH}/${LOGFILENAME}.${ROTATIONDATEFORMAT}"><Filters><MarkerFilter marker="${SUB_MERCHANT_1}" onMatch="DENY" onMismatch="NEUTRAL"/><MarkerFilter marker="${SUB_MERCHANT_2}" onMatch="DENY" onMismatch="NEUTRAL"/><MarkerFilter marker="${SUB_MERCHANT_3}" onMatch="DENY" onMismatch="NEUTRAL"/></Filters><PatternLayout pattern="${LOGFORMAT}"/><Policies><TimeBasedTriggeringPolicy/></Policies></RollingFile><RollingFile name="${SUB_MERCHANT_1}" fileName="${LOGPATH}/${SUB_MERCHANT_1}/${LOGFILENAME}" filePattern="${LOGPATH}/${SUB_MERCHANT_1}/${LOGFILENAME}.${ROTATIONDATEFORMAT}"><MarkerFilter marker="${SUB_MERCHANT_1}" onMatch="ACCEPT" onMismatch="DENY"/><PatternLayout pattern="${LOGFORMAT}"/><Policies><TimeBasedTriggeringPolicy/></Policies></RollingFile><RollingFile name="${SUB_MERCHANT_2}" fileName="${LOGPATH}/${SUB_MERCHANT_2}/${LOGFILENAME}" filePattern="${LOGPATH}/${SUB_MERCHANT_2}/${LOGFILENAME}.${ROTATIONDATEFORMAT}"><MarkerFilter marker="${SUB_MERCHANT_2}" onMatch="ACCEPT" onMismatch="DENY"/><PatternLayout pattern="${LOGFORMAT}"/><Policies><TimeBasedTriggeringPolicy/></Policies></RollingFile><RollingFile name="${SUB_MERCHANT_3}" fileName="${LOGPATH}/${SUB_MERCHANT_3}/${LOGFILENAME}" filePattern="${LOGPATH}/${SUB_MERCHANT_3}/${LOGFILENAME}.${ROTATIONDATEFORMAT}"><MarkerFilter marker="${SUB_MERCHANT_3}" onMatch="ACCEPT" onMismatch="DENY"/><PatternLayout pattern="${LOGFORMAT}"/><Policies><TimeBasedTriggeringPolicy/></Policies></RollingFile><Async name="Async"><AppenderRef ref="MainFile"/><AppenderRef ref="${SUB_MERCHANT_1}"/><AppenderRef ref="${SUB_MERCHANT_2}"/><AppenderRef ref="${SUB_MERCHANT_3}"/></Async></Appenders><Loggers><Logger name="com.qenta.httpclient" level="error"/><Logger name="httpclient" level="warn"/><Root level="info"><Appender-ref ref="Async"/></Root></Loggers></Configuration>