<?xml version="1.0" encoding="UTF-8"?><Configuration><Properties><Property name="LOGPATH">C:/Dev/Software/qtill-lhl/logs</Property><Property name="LOGFILENAME">qtill-lhl.log</Property><Property name="ROTATIONDATEFORMAT">%d{yyyy-MM-dd-HH}</Property><Property name="LOGFORMAT">QTILL LHL [%d{DEFAULT_MICROS}] thread=%t: %p: %c: %m%n</Property></Properties><Appenders><RollingFile name="MainFile" fileName="${LOGPATH}/${LOGFILENAME}" filePattern="${LOGPATH}/${LOGFILENAME}.${ROTATIONDATEFORMAT}"><PatternLayout pattern="${LOGFORMAT}"/><Policies><TimeBasedTriggeringPolicy/></Policies></RollingFile><Async name="Async"><AppenderRef ref="MainFile"/></Async></Appenders><Loggers><Logger name="com.qenta.httpclient" level="error"/><Logger name="httpclient" level="warn"/><Root level="info"><Appender-ref ref="Async"/></Root></Loggers></Configuration>