<?xml version="1.0"?><ruleset name="PSR2"><description>The PSR-2 coding standard.</description><arg name="tab-width" value="4"/><rule ref="PSR1"/><rule ref="Generic.Files.LineEndings"><properties><property name="eolChar" value="\n"/></properties></rule><rule ref="Generic.Files.LineLength"><properties><property name="lineLimit" value="0"/><property name="absoluteLineLimit" value="0"/></properties></rule><rule ref="Squiz.WhiteSpace.SuperfluousWhitespace"><properties><property name="ignoreBlankLines" value="true"/></properties></rule><rule ref="Squiz.WhiteSpace.SuperfluousWhitespace.StartFile"><severity>0</severity></rule><rule ref="Squiz.WhiteSpace.SuperfluousWhitespace.EndFile"><severity>0</severity></rule><rule ref="Squiz.WhiteSpace.SuperfluousWhitespace.EmptyLines"><severity>0</severity></rule><rule ref="Generic.Formatting.DisallowMultipleStatements"/><rule ref="Generic.WhiteSpace.ScopeIndent"><properties><property name="ignoreIndentationTokens" type="array" value="T_COMMENT,T_DOC_COMMENT_OPEN_TAG"/></properties></rule><rule ref="Generic.WhiteSpace.DisallowTabIndent"/><rule ref="Generic.PHP.LowerCaseKeyword"/><rule ref="Generic.PHP.LowerCaseConstant"/><rule ref="Squiz.Scope.MethodScope"/><rule ref="Squiz.WhiteSpace.ScopeKeywordSpacing"/><rule ref="Squiz.Functions.FunctionDeclaration"/><rule ref="Squiz.Functions.LowercaseFunctionKeywords"/><rule ref="Squiz.Functions.FunctionDeclarationArgumentSpacing"><properties><property name="equalsSpacing" value="1"/></properties></rule><rule ref="Squiz.Functions.FunctionDeclarationArgumentSpacing.SpacingAfterHint"><severity>0</severity></rule><rule ref="PEAR.Functions.ValidDefaultValue"/><rule ref="Squiz.Functions.MultiLineFunctionDeclaration"/><rule ref="Generic.Functions.FunctionCallArgumentSpacing"/><rule ref="PSR2.Methods.FunctionCallSignature.SpaceAfterCloseBracket"><severity>0</severity></rule><rule ref="Squiz.ControlStructures.ControlSignature"/><rule ref="Squiz.WhiteSpace.ScopeClosingBrace"/><rule ref="Squiz.ControlStructures.ForEachLoopDeclaration"/><rule ref="Squiz.ControlStructures.ForLoopDeclaration"/><rule ref="Squiz.ControlStructures.LowercaseDeclaration"/><rule ref="Generic.ControlStructures.InlineControlStructure"/></ruleset>