<?xml version="1.0"?>
<!--
 [y] hybris Platform

 Copyright (c) 2000-2011 hybris AG
 All rights reserved.

 This software is the confidential and proprietary information of hybris
 ("Confidential Information"). You shall not disclose such Confidential
 Information and shall use it only in accordance with the terms of the
 license agreement you entered into with hybris.

  
-->
<extensioninfo xmlns:xsi="http://www.w3.org/2001/XMLSchema-instance" xsi:noNamespaceSchemaLocation="extensioninfo.xsd">

	<extension name="yacceleratorstorefront"
	           abstractclassprefix="Generated"
	           classprefix="YAcceleratorStorefront">

		<!-- you should add all required extensions to this list, except platform extensions which are automatically required -->
		<requires-extension name="btg"/>
		<requires-extension name="yacceleratorfacades"/>
		<!-- required for Wirecard -->
		<requires-extension name="paymentfacades" />
		<requires-extension name="commercefacades" />
		<requires-extension name="commerceservices" />

		<webmodule jspcompile="false" webroot="/yacceleratorstorefront"/>

	</extension>

</extensioninfo>
