<?xml version="1.0" encoding="ISO-8859-1"?>
<!--
 [y] hybris Platform

 Copyright (c) 2000-2011 hybris AG
 All rights reserved.

 This software is the confidential and proprietary information of hybris
 ("Confidential Information"). You shall not disclose such Confidential
 Information and shall use it only in accordance with the terms of the
 license agreement you entered into with hybris.

  
-->
<configuration xmlns="hybris.de/schemas/hmc/generic"
               xmlns:xsi="http://www.w3.org/2001/XMLSchema-instance"
               xsi:schemaLocation="hybris.de/schemas/hmc/generic hmc.xsd">


	<!-- Configuration for extension wirecard -->
	<explorertree>
        <group name="wirecard.wirecard-settings"  >
            <typeref type="FinancialInstitution" />
            <typeref type="PaymentRequestSettings" />
        </group>
    </explorertree>

	<type name="PaymentInfo" mode="append">
		<organizer> 
			<editor>
			 	<tab name="common" position="0" mode="append">
			 		<section name="wirecard" mode="replace">
                  		<listlayout>
					 		<attribute name="channelId" width="300"/>
					 		<attribute name="subscriptionCode" width="300"/>
					 		<attribute name="wirecardPaymentMethodId" width="150"/>
					 		<attribute name="useSubscription" width="50" editable="false" />
					 		<attribute name="useAuthorization" width="300" editable="false" >
					 			<advancedbooleaneditor truename="useAuthorization" falsename="useDebit"/>
					 		</attribute>
					 	</listlayout>
					 </section>
			 	</tab>
			</editor>        
    	</organizer>  		
	</type>
	
	

	
  
  <type name="CreditCardPaymentInfo" mode="append">
      <organizer>         
    	  <result>
            <listview mode="replace">
               <itemlayout>
                  <attribute name="code" width="100" mode="replace"/>
                  <attribute name="type" width="150"/>
                  <attribute name="ccOwner" width="150"/>
                  <attribute name="number" />
               </itemlayout>
            </listview>
            <editview mode="replace">
               <itemlayout>
                  <attribute name="user" width="150" position="0"/>
                  <attribute name="code" width="100" mode="replace"/>
                  <attribute name="type" width="150"/>
                  <attribute name="ccOwner" width="150"/>
                  <attribute name="number" width="100" mode="replace" />
               </itemlayout>
            </editview>          
         </result>
         <editor>
            <tab name="common" position="0" mode="append">
               <section name="common" mode="replace">
                  <columnlayout>
                     <row>
                     	<!--  
                     		don't use the jalo backed creditcard chip, 
                     		our card numbers are never saved fully, 
                     		so we do not need the masking! 
                     	-->
                        <attribute name="number" width="100"/>
		                <attribute name="type"/>
                     </row>
                     <row>
                        <attribute name="ccOwner"/>
                     </row>
                     <row>
                        <attribute name="validToYear"/>
                        <attribute name="validToMonth"/>
                     </row>
                     <row>
                        <attribute name="validFromYear"/>
                        <attribute name="validFromMonth"/>
                     </row>
                  </columnlayout>
               </section>
            </tab>
         </editor>
      </organizer>
   </type>
   
   <type name="WirecardPaymentMode" mode="append">
		<organizer mode="append"> 
			<search mode="append">
          		<condition attribute="channelId" operator="equal"/>
          		<condition attribute="wirecardPaymentMethodId" operator="equal"/>
			</search>			
			<result mode="append">
				 <listview mode="append">
					<itemlayout>
				 		<attribute name="channelId"/>
				 		<attribute name="wirecardPaymentMethodId"/>
				 	</itemlayout>
				 </listview>
			</result>
			<editor mode="append">
			 	<tab name="common" position="0" mode="append">
			 		<section name="section.wirecard" position="0" >
                  		<listlayout>
					 		<attribute name="channelId" width="300"/>
					 		<attribute name="wirecardPaymentMethodId" width="150"/>
					 		<attribute name="useSubscription" width="50" editable="false" />
					 		<attribute name="useAuthorization" width="300" editable="false" >
					 			<advancedbooleaneditor truename="wirecard.authorize" falsename="wirecard.debit"></advancedbooleaneditor>
					 		</attribute>
					 	</listlayout>
					 </section>
					 <section name="section.wirecardcountryrestrictions" position="1" >
                  		<listlayout>
                  			<attribute name="useCountryRestrictions" />
                  			<attribute name="allowedCountries" />
                  		</listlayout>
                  	</section>
			 	</tab>
			</editor>        
    	</organizer>  		
	</type>
   	<type name="FinancialInstitution" mode="append" >
   		<organizer>
            <search mode="replace" autoperform="true" >
                <condition attribute="identifierCode" />
                <condition attribute="displayName"/>
                <condition attribute="wirecardPaymentModes"/>
            </search>
            <result>
                <listview mode="replace">
                    <itemlayout>
                        <attribute name="identifierCode" width="150" />
                        <attribute name="displayName" width="250" />
                        <attribute name="wirecardPaymentModes" width="150" />
                    </itemlayout>
                </listview>
            </result>
           <editor>
			 	<tab name="common" position="0" mode="append">
			 		<section name="wirecard" mode="replace">
                  		<listlayout>
					 		<attribute name="identifierCode" width="150" />
					 		<attribute name="displayName" width="250" />
					 		<attribute name="wirecardPaymentModes"  width="150" />
					 	</listlayout>
					 </section>
			 	</tab>
			</editor>   
        </organizer>				
	</type>
	<type name="PaymentRequestSettings" mode="append">
   		<organizer mode="replace">
   			<search autoperform="true" > 	
  				<condition attribute="shopID" />
  				<condition attribute="serviceURL" />
  				<condition attribute="imageURL"  />
				<condition attribute="duplicateRequestCheck" />													
				<condition attribute="customerStatement" />
				<condition attribute="autoDeposit" />
				<condition attribute="maxRetries" />	
   			</search>
   			<result >
 				 <listview mode="replace">
                	<itemlayout>
                		<attribute name="shopID"  width="150"/>
					 	<attribute name="imageURL" width="150"  />
						<attribute name="serviceURL" width="150" />
						<attribute name="duplicateRequestCheck" width="150" />													
						<attribute name="customerStatement" width="150" />
						<attribute name="autoDeposit" width="150" />
						<attribute name="maxRetries" width="150" />												
				 	</itemlayout>
				 </listview>
   			</result>   			            
           <editor>
			 	<tab name="common" position="0" mode="append">
			 		<section name="paymentsettings" mode="replace">
                  		<listlayout>
                  		<attribute name="shopID" width="150" />
					 	<attribute name="imageURL"  width="150" />
						<attribute name="serviceURL" width="150" />
						<attribute name="duplicateRequestCheck" width="150" />													
						<attribute name="customerStatement" width="150" />
						<attribute name="autoDeposit" width="150" />
						<attribute name="maxRetries" width="150" >
							<integereditor defaultvalue="-1" maxvalue="50" minvalue="-1" dropdown="true" attribute="maxRetries"></integereditor>
						</attribute>
						<attribute name="site" />
					 	</listlayout>
					 </section>
			 	</tab>
			</editor>   
        </organizer>				
	</type>	
</configuration>
