<?xml version="1.0" encoding="UTF-8"?>
<!--
 [y] hybris Platform

 Copyright (c) 2000-2011 hybris AG
 All rights reserved.

 This software is the confidential and proprietary information of hybris
 ("Confidential Information"). You shall not disclose such Confidential
 Information and shall use it only in accordance with the terms of the
 license agreement you entered into with hybris.
-->

<beans xmlns="http://www.springframework.org/schema/beans"
	xmlns:xsi="http://www.w3.org/2001/XMLSchema-instance"
	xmlns:aop="http://www.springframework.org/schema/aop"
	xsi:schemaLocation="http://www.springframework.org/schema/beans
           http://www.springframework.org/schema/beans/spring-beans-3.0.xsd
           http://www.springframework.org/schema/aop
           http://www.springframework.org/schema/aop/spring-aop-3.0.xsd">

	<!-- DAOs -->
	
	<alias alias="wirecardPaymentModeDao" name="defaultWirecardPaymentModeDao"/>
	<bean id="defaultWirecardPaymentModeDao" class="de.hmmh.wirecard.dao.impl.DefaultWirecardPaymentModeDAO" scope="tenant"/>
	
	<alias alias="wirecardPaymentInfoDao" name="defaultWirecardPaymentInfoDao"/>
	<bean id="defaultWirecardPaymentInfoDao" class="de.hmmh.wirecard.dao.impl.DefaultWirecardPaymentInfoDAO" scope="tenant"/>
	
	<alias alias="wirecardPaymentTransactionEntryDao" name="defaultWirecardPaymentTransactionEntryDao"/>
	<bean id="defaultWirecardPaymentTransactionEntryDao" class="de.hmmh.wirecard.dao.impl.DefaultWirecardPaymentTransactionEntryDAO" scope="tenant"/>
	
	<alias alias="financialInstitutionDao" name="defaultFinancialInstitutionDao"/>
	<bean id="defaultFinancialInstitutionDao" class="de.hmmh.wirecard.dao.impl.DefaultFinancialInstitutionDao" scope="tenant"/>
	
	<alias alias="paymentRequestSettingsDAO" name="defaultPaymentRequestSettingsDAO"/>
	<bean id="defaultPaymentRequestSettingsDAO" class="de.hmmh.wirecard.dao.impl.DefaultPaymentRequestSettingsDAO" scope="tenant"/>
	
	<!-- set up Payment Methods-->
	<bean id="abstractWirecardPaymentMethod" class="de.hmmh.wirecard.methods.impl.AbstractWirecardPaymentMethod" scope="tenant">
		<property name="wirecardPaymentModeDao" ref="wirecardPaymentModeDao" />
		<property name="configurationService" ref="configurationService" />
		<property name="modelService" ref="modelService" />
		<property name="sessionService" ref="sessionService" />
		<property name="commoni18NService" ref="commonI18NService" />
		<property name="i18NService" ref="i18NService" /> <!-- declared in platform i18n-spring.xml -->
		<property name="cmsSiteService" ref="cmsSiteService" />	<!-- declared in cms2-spring.xml -->
		<property name="cardBrandNameProviderStrategy" ref="cardBrandNameProviderStrategy" />
		<property name="transactionIdGenerator" ref="transactionIdGenerator" />
		<property name="transactionEntryDao" ref="wirecardPaymentTransactionEntryDao" />
		<property name="financialInstitutionDao" ref="defaultFinancialInstitutionDao" />
		<property name="paymentRequestSettingsDAO" ref="defaultPaymentRequestSettingsDAO" />
	</bean>

	<bean id="wirecardCCardPaymentMethod" class="de.hmmh.wirecard.methods.impl.WirecardCCardPaymentMethod" parent="abstractWirecardPaymentMethod" scope="tenant"/>
	<bean id="wirecardCCardMotoPaymentMethod" class="de.hmmh.wirecard.methods.impl.WirecardCCardMotoPaymentMethod" parent="abstractWirecardPaymentMethod" scope="tenant"/>
	<bean id="wirecardMaestroPaymentMethod" class="de.hmmh.wirecard.methods.impl.WirecardMaestroPaymentMethod" parent="abstractWirecardPaymentMethod" scope="tenant"/>
	<bean id="wirecardPBXPaymentMethod" class="de.hmmh.wirecard.methods.impl.WirecardPBXPaymentMethod" parent="abstractWirecardPaymentMethod" scope="tenant"/>
	<bean id="wirecardPSCPaymentMethod" class="de.hmmh.wirecard.methods.impl.WirecardPSCPaymentMethod" parent="abstractWirecardPaymentMethod" scope="tenant"/>
	<bean id="wirecardEPSPaymentMethod" class="de.hmmh.wirecard.methods.impl.WirecardEPSPaymentMethod" parent="abstractWirecardPaymentMethod" scope="tenant"/>
	<bean id="wirecardELVPaymentMethod" class="de.hmmh.wirecard.methods.impl.WirecardELVPaymentMethod" parent="abstractWirecardPaymentMethod" scope="tenant"/>
	<bean id="wirecardQUICKPamyentMethod" class="de.hmmh.wirecard.methods.impl.WirecardQUICKPamyentMethod" parent="abstractWirecardPaymentMethod" scope="tenant"/>
	<bean id="wirecardIDLPamyentMethod" class="de.hmmh.wirecard.methods.impl.WirecardIDLPamyentMethod" parent="abstractWirecardPaymentMethod" scope="tenant"/>
	<bean id="wirecardGIROPAYPaymentMethod" class="de.hmmh.wirecard.methods.impl.WirecardGIROPAYPaymentMethod" parent="abstractWirecardPaymentMethod" scope="tenant"/>
	<bean id="wirecardPAYPALPaymentMethod" class="de.hmmh.wirecard.methods.impl.WirecardPAYPALPaymentMethod" parent="abstractWirecardPaymentMethod" scope="tenant"/>
	<bean id="wirecardSOFORTUEBERWEISUNGPaymentMethod" class="de.hmmh.wirecard.methods.impl.WirecardSOFORTUEBERWEISUNGPaymentMethod" parent="abstractWirecardPaymentMethod" scope="tenant"/>

	<!-- Strategies -->
	
	<bean id="samplePaymentModeApplicationStrategy" class="de.hmmh.wirecard.strategies.impl.SamplePaymentModeApplicationStrategy" scope="tenant" />
	
	<bean id="defaultPaymentModeApplicationStrategy" class="de.hmmh.wirecard.strategies.impl.DefaultPaymentModeApplicationStrategy" scope="tenant" />
	
	<alias name="defaultTransactionIdGenerator" alias="transactionIdGenerator"/>
	<bean id="defaultTransactionIdGenerator" class="de.hmmh.wirecard.strategies.impl.DefaultTransactionIdGenerator" scope="tenant" />
	
	<alias alias="createOrderFromCartStrategy" name="defaultCreateOrderFromCartStrategy"/>
	<bean id="defaultCreateOrderFromCartStrategy" class="de.hmmh.wirecard.strategies.WirecardCreateOrderFromCartStrategy" scope="tenant">
		<property name="cartValidator" ref="cartValidator"/>
		<property name="cloneAbstractOrderStrategy" ref ="cloneAbstractOrderStrategy"/>
		<property name="keyGenerator" ref="orderCodeGenerator"/>
	</bean>
	
	<alias name="defaultCardBrandNameProviderStrategy" alias="cardBrandNameProviderStrategy"/>
	<bean id="defaultCardBrandNameProviderStrategy" class="de.hmmh.wirecard.strategies.impl.SpringCardBrandNameProviderStrategy" scope="tenant" >
		<property name="wirecard2HybrisCodes">
			<map>
				<!--  it would be enough to add only codes that are different,
					  but we set the complete list for demonstration. -->
					        
				<entry key="MC" value="MASTER"/>
				<entry key="VISA" value="VISA"/>				
				<entry key="Amex" value="Amex"/>				
				<entry key="DINERS" value="DINERS"/>				
				<entry key="JCB" value="JCB"/>				
				<entry key="MAESTRO" value="MAESTRO"/>
			</map>
		</property>
	</bean>
		

	<!-- Services -->
		
	<alias name="defaultWirecardService" alias="wirecardService"/>
	<bean id="defaultWirecardService" class="de.hmmh.wirecard.services.impl.DefaultWirecardService" parent="abstractBusinessService" scope="tenant">	
		<property name="wirecardPaymentInfoDao" ref="wirecardPaymentInfoDao" />
		<property name="wirecardPaymentModeDao" ref="wirecardPaymentModeDao" />
		<property name="financialInstitutionDao" ref="financialInstitutionDao" />
		<property name="paymentRequestSettingsDAO" ref="paymentRequestSettingsDAO" />
		<property name="currencyDao" ref="currencyDao" /> <!-- declared in platform i18n-spring.xml -->
		
		<property name="paymentModeApplicationStrategies" >
			<list>
				<ref bean="defaultPaymentModeApplicationStrategy"/> 
				<ref bean="samplePaymentModeApplicationStrategy"/>				
			</list>
		</property>
		<property name="configurationService" ref="configurationService"></property>
		<property name="transactionIdGenerator" ref="transactionIdGenerator" />	
		<property name="methods" >
			<map>
				<entry key="CCARD" value-ref="wirecardCCardPaymentMethod" />							
				<entry key="CCARDMOTO" value-ref="wirecardCCardMotoPaymentMethod" />
				<!-- CCARD-MOTO is the same as CCARDMOTO  -->							
				<entry key="CCARD-MOTO" value-ref="wirecardCCardMotoPaymentMethod" />							
				<entry key="MAESTRO" value-ref="wirecardMaestroPaymentMethod" />							
				<entry key="PBX" value-ref="wirecardPBXPaymentMethod" />							
				<entry key="PSC" value-ref="wirecardPSCPaymentMethod" />							
				<entry key="EPS" value-ref="wirecardEPSPaymentMethod" />							
				<entry key="ELV" value-ref="wirecardELVPaymentMethod" />							
				<entry key="QUICK" value-ref="wirecardQUICKPamyentMethod" />						
				<entry key="IDL" value-ref="wirecardIDLPamyentMethod" />							
				<entry key="GIROPAY" value-ref="wirecardGIROPAYPaymentMethod" />							
				<entry key="PAYPAL" value-ref="wirecardPAYPALPaymentMethod" />							
				<entry key="SOFORTUEBERWEISUNG" value-ref="wirecardSOFORTUEBERWEISUNGPaymentMethod" />							
			</map>
		</property>
	</bean>			
			
	<alias alias="commerceCartService" name="wirecardCommerceCartService"/>
	<bean id="wirecardCommerceCartService" class="de.hmmh.wirecard.services.impl.WirecardCommerceCartService" parent="defaultCommerceCartService" scope="tenant" />

	<alias alias="cartService" name="wirecardCartService"/>
	<bean id="wirecardCartService" class="de.hmmh.platform.order.impl.DefaultCartService" parent="abstractOrderService" scope="tenant">
		<property name="addToCartStrategy" ref="addToCartStrategy"/>
		<property name="orderCalculation" ref="orderCalculation"/>
		<property name="cartFactory" ref="cartFactory"/>
	</bean>	

</beans>

