<?xml version="1.0" encoding="ISO-8859-1"?>
<!--
 [y] hybris Platform

 Copyright (c) 2000-2011 hybris AG
 All rights reserved.

 This software is the confidential and proprietary information of hybris
 ("Confidential Information"). You shall not disclose such Confidential
 Information and shall use it only in accordance with the terms of the
 license agreement you entered into with hybris.

  
-->
<!--
	ATTENTION: This is just an example file. You have to edit it according to your needs.
-->

<items 	xmlns:xsi="http://www.w3.org/2001/XMLSchema-instance" 
			xsi:noNamespaceSchemaLocation="items.xsd">
	

	<enumtypes>
		<enumtype code="WirecardPaymentMethodId" autocreate="true" generate="true" dynamic="false">
			<value code="CCARD" />
			<value code="CCARDMOTO" />
			<value code="MAESTRO" />
			<value code="PBX" />
			<value code="PSC" />
			<value code="EPS" />
			<value code="ELV" />
			<value code="QUICK" />
			<value code="IDL" />
			<value code="GIROPAY" />
			<value code="PAYPAL" />
			<value code="SOFORTUEBERWEISUNG" />			
			<value code="NONE" />
		</enumtype> 
		
		<enumtype code="PaymentTransactionType" autocreate="false" generate="false">
			<value code="DEBIT" />
			<value code="UNKNOWN" />
		</enumtype>
		
		<enumtype code="CreditCardType" autocreate="false" generate="false">
			<value code="UNKNOWN" />			
			<value code="JCB" />
		</enumtype>
		<enumtype code="AjaxCallMethod" autocreate="true" generate="true" dynamic="false">			
			<value code="storeCreditCardInformation" />			
			<value code="storeElvInformation" />
			<value code="storePayboxInformation" />
			<value code="storeGiropayInformation" />
			<value code="storeClick2PayInformation" />
			<value code="NONE" />			
		</enumtype>			
		
	</enumtypes>
	
	<relations>
		<relation code="WirecardPaymentMode2Country" generate="true" localized="false" autocreate="true">
			<sourceElement type="WirecardPaymentMode" qualifier="allowedWirecardyPaymentModes" cardinality="many">
               <modifiers read="true" write="true" />
			</sourceElement>
			<targetElement type="Country" qualifier="allowedCountries" cardinality="many">
				<modifiers read="true" write="true" />
			</targetElement>
		</relation>	
		<relation code="WirecardPaymentMode2FinancialInstitutions" generate="true" localized="false" autocreate="true" >
			<deployment table="wircardpmntfnclinstrel" typecode="20001"/>
			<sourceElement type="WirecardPaymentMode" qualifier="wirecardPaymentModes" cardinality="many">
               <modifiers read="true" write="true" />
			</sourceElement>
			<targetElement type="FinancialInstitution" qualifier="allowedFinancialInstitutions" cardinality="many" >
				<modifiers read="true" write="true" />
			</targetElement>
		</relation>
	</relations>
	
	<itemtypes>
	
		<itemtype generate="false" code="AbstractOrder" autocreate="false" >
	   		<attributes>
	   			<attribute type="java.lang.Boolean" qualifier="locked">
	   				<modifiers optional="false" />
					<persistence type="property" />
					<defaultvalue>java.lang.Boolean.FALSE</defaultvalue>
	   			</attribute>
	   			<attribute qualifier="designatedOrderCode" type="java.lang.String">
					<description>The order number a order cloned from this cart will receive.</description>
					<persistence type="property" />
				</attribute>	
				<attribute qualifier="dataStorageId" type="java.lang.String">
					<description>Unique identifier of a storage area in the qMore DataStorage System.</description>
					<persistence type="property" />
				</attribute>
	   		</attributes>
	   	</itemtype>

		<itemtype generate="true"
		   code="WirecardPaymentMode"
		   jaloclass="de.hmmh.wirecard.jalo.WirecardPaymentMode"
		   extends="StandardPaymentMode"
		   autocreate="true"
	   >
			<attributes>
				<attribute qualifier="channelId" type="java.lang.String">
					<description>Channel ID for this payment mode, as configured in hIP.</description>
					<modifiers optional="false" />
					<persistence type="property" />
				</attribute>
				<attribute qualifier="wirecardPaymentMethodId" type="WirecardPaymentMethodId">
					<description>The id of the payment method for this payment mode.</description>
					<modifiers optional="false" unique="true" />
					<persistence type="property" />
					<defaultvalue>de.hmmh.wirecard.enums.WirecardPaymentMethodId.NONE</defaultvalue>
				</attribute>				
				<attribute qualifier="useSubscription" type="boolean">
					<description>Flag to determine whether this payment mode should use subscription for newly created paymentInfos if possible.</description>
					<modifiers optional="false" />
					<persistence type="property" />
					<defaultvalue>java.lang.Boolean.FALSE</defaultvalue>
				</attribute>
				<attribute qualifier="useAuthorization" type="boolean">
					<description>Flag to determine whether this payment mode should use subscription for newly created paymentInfos if possible.</description>
					<modifiers optional="false" />
					<persistence type="property" />
					<defaultvalue>java.lang.Boolean.FALSE</defaultvalue>
				</attribute>
				<attribute qualifier="useCountryRestrictions" type="boolean">
					<modifiers optional="false" />
					<persistence type="property" />
					<defaultvalue>java.lang.Boolean.FALSE</defaultvalue>
				</attribute>
				<attribute qualifier="qmore" type="boolean">
					<modifiers optional="false" />
					<persistence type="property" />
					<defaultvalue>java.lang.Boolean.FALSE</defaultvalue>
				</attribute>				
				<attribute qualifier="qpay" type="boolean">
					<modifiers optional="false" />
					<persistence type="property" />
					<defaultvalue>java.lang.Boolean.FALSE</defaultvalue>
				</attribute>
				<attribute qualifier="ajaxCallMethod" type="AjaxCallMethod">
					<description>The ajax method that should called for this payment mode via qmore.</description>
					<modifiers optional="false" />
					<persistence type="property" />
					<defaultvalue>de.hmmh.wirecard.enums.AjaxCallMethod.NONE</defaultvalue>
				</attribute>							
			</attributes>
		</itemtype>
		
		<itemtype generate="false" code="PaymentInfo" autocreate="false" >
			<attributes>
				<attribute qualifier="paymentState" type="java.lang.String">
					<description>Result of the payment attempt. Possible values: "SUCCESS", "CANCEL", "FAILURE"</description>
					<persistence type="property" />
				</attribute>
				<attribute qualifier="paymentType" type="WirecardPaymentMethodId">
					<description>The used paymentMethod is set here. E.g. CCARD</description>
					<persistence type="property" />
				</attribute>
				<attribute qualifier="useSubscription" type="boolean">
					<description>Flag to determine whether this payment should use subscription.</description>
					<modifiers optional="false" />
					<persistence type="property" />
					<defaultvalue>java.lang.Boolean.FALSE</defaultvalue>
				</attribute>
				<attribute qualifier="useAuthorization" type="boolean">
					<description>Flag to determine whether this payment should use authorize/capture instead of direct debit.</description>
					<modifiers optional="false" />
					<persistence type="property" />
					<defaultvalue>java.lang.Boolean.FALSE</defaultvalue>
				</attribute>
				<attribute qualifier="financialInstitution" type="FinancialInstitution">
					<description>Preselection of a finance institute for paymentTypes with more payment options.</description>
					<persistence type="property" />
				</attribute>
				<attribute qualifier="language" type="java.lang.String">
					<persistence type="property" />
				</attribute>
				<attribute qualifier="gatewayReferenceNumber" type="java.lang.String">
					<persistence type="property" />
				</attribute>
				<attribute qualifier="gatewayContractNumber" type="java.lang.String">
					<persistence type="property" />
				</attribute>
				<attribute qualifier="idealConsumerName" type="java.lang.String">
					<persistence type="property" />
				</attribute>
				<attribute qualifier="idealConsumerCity" type="java.lang.String">
					<persistence type="property" />
				</attribute>
				<attribute qualifier="idealConsumerAccountNumber" type="java.lang.String">
					<persistence type="property" />
				</attribute>
				<attribute qualifier="paypalPayerID" type="java.lang.String">
					<persistence type="property" />
				</attribute>
				<attribute qualifier="paypalPayerEmail" type="java.lang.String">
					<persistence type="property" />
				</attribute>
				<attribute qualifier="paypalPayerLastName" type="java.lang.String">
					<persistence type="property" />
				</attribute>
				<attribute qualifier="paypalPayerFirstName" type="java.lang.String">
					<persistence type="property" />
				</attribute>
				<attribute qualifier="senderAccountOwner" type="java.lang.String">
					<persistence type="property" />
				</attribute>
				<attribute qualifier="senderAccountNumber" type="java.lang.String">
					<persistence type="property" />
				</attribute>
				<attribute qualifier="senderBankNumber" type="java.lang.String">
					<persistence type="property" />
				</attribute>
				<attribute qualifier="senderBankName" type="java.lang.String">
					<persistence type="property" />
				</attribute>
				<attribute qualifier="senderBIC" type="java.lang.String">
					<persistence type="property" />
				</attribute>
				<attribute qualifier="senderIBAN" type="java.lang.String">
					<persistence type="property" />
				</attribute>
				<attribute qualifier="senderCountry" type="java.lang.String">
					<persistence type="property" />
				</attribute>
				<attribute qualifier="securityCriteria" type="java.lang.Byte">
					<description>Von Sofortueberweisung zurueckgeliefertes Sicherheitskriterium. Moegliche Werte: 
						0: Sicherheitskriterium ist nicht erfuellt. In diesem Fall sollten Sie auf den tatsaechlichen Geldeingang warten und die Ware erst dann versenden bzw. den Download freigeben.  
						1: Sicherheitskriterium ist erfuellt</description>
					<persistence type="property" />
				</attribute>
				<attribute qualifier="configured" type="boolean">
					<description>Flag to show if the payment details have all been set</description>
					<modifiers optional="false" />
					<persistence type="property" />
					<defaultvalue>java.lang.Boolean.FALSE</defaultvalue>
				</attribute>
				<attribute qualifier="referenceNumber" type="java.lang.String">
					<description>reference for invoice or prepayment</description>
					<modifiers optional="true" />
					<persistence type="property" />
				</attribute>
				<attribute qualifier="C2PPan" type="java.lang.String">
					<persistence type="property" />
				</attribute>
				<attribute qualifier="C2PUserName" type="java.lang.String">
					<persistence type="property" />
				</attribute>
				<attribute qualifier="PayboxNumber" type="java.lang.String">
					<persistence type="property" />
				</attribute>
				<attribute qualifier="useQmore" type="boolean">
					<description>Flag to determine whether this payment was done via QMORE or not. If the flag is false the payment was done via QPAY. Default value: false</description>
					<modifiers optional="false" />
					<persistence type="property" />
					<defaultvalue>java.lang.Boolean.FALSE</defaultvalue>
				</attribute>
			</attributes>
		</itemtype>
		
		<itemtype generate="false" code="CreditCardPaymentInfo" autocreate="false" >
			<attributes>
				<attribute qualifier="anonymousPan" type="java.lang.String" >
					<description>The last four numbers of the credit card number.</description>
					<persistence type="property" />
					<modifiers unique="false" optional="true" />
				</attribute>
				<attribute qualifier="authenticated" type="boolean" >
					<description>Has the cardholder done a valid authentication.</description>
					<persistence type="property" />
					<modifiers unique="false" optional="true" />
				</attribute>
				<attribute qualifier="brand" type="java.lang.String">
					<persistence type="property" />
				</attribute>
				<attribute qualifier="maskedPan" type="java.lang.String">
					<persistence type="property" />
				</attribute>
				<!--
					used _validToMonth, _validToYear defined in extension core
				 <attribute qualifier="expiry" type="java.lang.String">
					<persistence type="property" />				
				</attribute> 
					stored in _ccowner defined in extension core since this is the same
				 <attribute qualifier="cardholder" type="java.lang.String">
					<persistence type="property" />				
				</attribute>
					stored in _number defined in extension core since this is the same
				<attribute qualifier="maskedPan" type="java.lang.String">
					<persistence type="property" />				
				</attribute>
				-->
				
			</attributes>
		</itemtype>

		<itemtype code="PaymentTransactionEntry" autocreate="false" generate="false" >
			<attributes>
				<attribute qualifier="redirectUrl" type="java.lang.String">
					<persistence type="property"></persistence>
				</attribute>
				<attribute qualifier="referenceNumber" type="java.lang.String">
					<persistence type="property"></persistence>
				</attribute>
				<attribute qualifier="shopId" type="java.lang.String" >
					<persistence type="property" />
					<modifiers unique="false" optional="true" />
				</attribute>				
				<attribute qualifier="orderDescription" type="java.lang.String" >
					<persistence type="property" />
					<modifiers unique="false" optional="true" />
				</attribute>
				<attribute qualifier="message" type="java.lang.String">
					<description>Error text in case of PaymentState=Failure </description>
					<persistence type="property" />					
				</attribute>
				<attribute qualifier="maxRetries" type="java.lang.Integer" >
					<description>Maximal number of payment attempts.</description>
					<persistence type="property" />
					<modifiers unique="false" optional="true" />
				</attribute>
				<attribute qualifier="duplicateRequestCheck" type="boolean" >
					<description>Flag for checking duplicate payments.</description>
					<persistence type="property" />
					<modifiers unique="false" optional="true" />
				</attribute>
				<attribute qualifier="redirectParams" type="java.lang.String">
					<persistence type="property">
						<columntype database="oracle">
							<value>CLOB</value>
						</columntype>
						<columntype database="mysql">
							<value>text</value>
						</columntype>
						<columntype>
							<value>varchar(20000)</value>
						</columntype>
					</persistence>
				</attribute>
				<attribute qualifier="responseParams" type="java.lang.String">
					<persistence type="property">
						<columntype database="oracle">
							<value>CLOB</value>
						</columntype>
						<columntype database="mysql">
							<value>text</value>
						</columntype>
						<columntype>
							<value>varchar(20000)</value>
						</columntype>
					</persistence>
				</attribute>		
			</attributes>

		</itemtype>
		
		<itemtype generate="true" code="FinancialInstitution" autocreate="true" jaloclass="de.hmmh.wirecard.jalo.FinancialInstitution">
			<attributes>
				<attribute qualifier="identifierCode" type="java.lang.String">
					<description>Transfer parameter to identify the financialInstitution of a selected paymenttype</description>
					<persistence type="property" />
					<modifiers unique="true" search="true" />
				</attribute>
				<attribute qualifier="displayName" type="java.lang.String">
					<description>DisplayName of the financialinstitution.</description>
					<persistence type="property"/>
				</attribute>
			</attributes>
		</itemtype>
		<itemtype generate="true" code="PaymentRequestSettings" autocreate="true" jaloclass="de.hmmh.wirecard.jalo.PaymentRequestSettings">
			<attributes>
				<attribute qualifier="imageURL" type="java.lang.String">
					<description>URL to the logo of the shop.</description>
					<persistence type="property"/>
				</attribute>
				<attribute qualifier="serviceURL" type="java.lang.String">
					<description>URL to the servicepage of the shop.</description>
					<persistence type="property"/>
					<modifiers optional="false" />
				</attribute>
				<attribute qualifier="duplicateRequestCheck" type="boolean">
					<description>Flag for checking duplicate payments.</description>
					<modifiers optional="false" />
					<persistence type="property" />
					<defaultvalue>java.lang.Boolean.FALSE</defaultvalue>
				</attribute>
				<attribute qualifier="customerStatement" type="java.lang.String">
					<description>This text will be shown on the invoice of the customer</description>
					<persistence type="property"/>
				</attribute>				
				<attribute qualifier="autoDeposit" type="boolean">
					<description>Flag for automatic depositing.</description>
					<modifiers optional="false" />
					<persistence type="property" />
					<defaultvalue>java.lang.Boolean.FALSE</defaultvalue>
				</attribute>				
				<attribute qualifier="maxRetries" type="java.lang.Integer">
					<description>Maximal number of payment attempts.</description>
					<persistence type="property"/>
				</attribute>
				<attribute qualifier="shopID" type="java.lang.String">
					<description>Idents the shop.</description>
					<persistence type="property"/>
				</attribute>
				<attribute qualifier="site" type="BaseSite" >
					<description>Idents the current site for this configuration.</description>
					<persistence type="property" />
					<modifiers optional="false" />
				</attribute>
			</attributes>
		</itemtype>		
	</itemtypes>
</items>
