<?xml version="1.0" encoding="UTF-8"?><pipeline type="process"><branch basename="_ANONYMOUS_BRANCH_1"><segment><node><text-node><description>Shop System Plugins - Terms of use 

This terms of use regulates warranty and liability between Wirecard Central Eastern Europe (subsequently referred to as WDCEE) and it's contractual partners partners(subsequently referred to as customer or customers) which are related to the use of plugins provided by WDCEE. The Plugin is provided provided by WDCEE free of charge for it's customers and must be used for the purpose of WDCEE's payment platform platform integration only. It explicitly is not part of the general contract between WDCEE and it's customer. The plugin has successfully been tested under specific circumstances which are are defined as the shopsystem's standard configuration (vendor's delivery state). The Customer is responsible for testing the plugin's functionality before putting it into production enviroment. The customer uses the the plugin at own risk. WDCEE does not guarantee it's full functionality neither does WDCEE assume liability for any disadvantage related to the use use of this plugin. By installing the plugin into the shopsystem the customer agrees to the terms of use. Please do not use this plugin if you do not agree to the terms of use !</description></text-node><node-display height="5" width="2" x="0" y="0"/></node></segment></branch><branch basename="_ANONYMOUS_BRANCH_2"><segment><node><text-node><description>The handle pipeline for Wirecard does nothing, because everything is handled externally.</description></text-node><node-display x="3" y="1"/></node></segment></branch><branch basename="Handle"><segment><node><start-node call-mode="private" name="Handle" secure="false"/><node-display x="3" y="2"/></node><simple-transition/><node><pipelet-node pipelet-name="Script" pipelet-set-identifier="bc_api"><config-property key="Transactional" value="true"/><config-property key="OnError" value="PIPELET_ERROR"/><config-property key="ScriptFile" value="wirecard/CreatePaymentInstrument.ds"/><key-binding alias="ScriptLog" key="ScriptLog"/><key-binding alias="&quot;WIRECARD_EPS_ONLINE_TRANSFER&quot;" key="PaymentType"/><key-binding alias="true" key="RemoveExisting"/><key-binding alias="PaymentInstrument" key="PaymentInstrument"/><key-binding alias="Basket" key="LineItemCtnr"/></pipelet-node><node-display x="0" y="1"/><branch basename="b2" source-connector="error"><transition target-connector="in"><transition-display><bend-point relative-to="source" x="2" y="0"/><bend-point relative-to="target" x="0" y="-1"/></transition-display></transition><segment><node><end-node name="error"/><node-display x="1" y="2"/></node></segment></branch></node><simple-transition><transition-display><bend-point relative-to="target" x="0" y="-1"/></transition-display></simple-transition><node><end-node name="success"/><node-display x="0" y="2"/></node></segment></branch><branch basename="_ANONYMOUS_BRANCH_4"><segment><node><text-node><description>The authorize pipeline for Wirecard just redirect to their servers.</description></text-node><node-display x="5" y="1"/></node></segment></branch><branch basename="_ANONYMOUS_BRANCH_5"><segment><node><text-node><description>The complete pipeline for Wirecard stores the necessary attributes to the payment transaction. 

IN: PaymentInstrument, Order</description></text-node><node-display width="2" x="7" y="1"/></node></segment></branch><branch basename="Authorize"><segment><node><start-node call-mode="private" name="Authorize" secure="false"/><node-display x="5" y="2"/></node><simple-transition><transition-display><bend-point relative-to="target" x="0" y="-1"/></transition-display></simple-transition><node><jump-node start-name-ref="COWirecard-Redirect"/><node-display x="0" y="2"/></node></segment></branch><branch basename="Complete"><segment><node><start-node call-mode="private" name="Complete" secure="false"/><node-display x="7" y="2"/></node><simple-transition><transition-display><bend-point relative-to="source" x="0" y="1"/></transition-display></simple-transition><node><pipelet-node pipelet-name="GetPaymentProcessor" pipelet-set-identifier="bc_api"><key-binding alias="&quot;WIRECARD_EPS&quot;" key="ID"/><key-binding alias="PaymentProcessor" key="PaymentProcessor"/></pipelet-node><node-display x="0" y="1"/><branch basename="b2" source-connector="error"><transition target-connector="in"><transition-display><bend-point relative-to="source" x="1" y="0"/></transition-display></transition><segment><node><end-node name="error"/><node-display orientation="horizontal" x="1" y="0"/></node></segment></branch></node><simple-transition/><node><call-node start-name-ref="COWirecard-SetPaymentParameters"/><node-display x="0" y="1"/></node><simple-transition><transition-display><bend-point relative-to="source" x="0" y="1"/></transition-display></simple-transition><node><end-node/><node-display x="0" y="1"/></node></segment></branch></pipeline>