<?xml version="1.0" encoding="UTF-8"?><payment-processors xmlns="http://www.demandware.com/xml/impex/paymentprocessor/2007-03-31"><payment-processor processor-id="WIRECARD_CREDIT"><description>Wirecard credit card payment processor.</description><preferences><all-instances/><development/><staging/><production/></preferences></payment-processor><payment-processor processor-id="WIRECARD_EPS"><description>Wirecard EPS Onlineueberweisung payment processor.</description><preferences><all-instances/><development/><staging/><production/></preferences></payment-processor><payment-processor processor-id="WIRECARD_IDEAL"><description>Wirecard iDeal payment processor.</description><preferences><all-instances/><development/><staging/><production/></preferences></payment-processor><payment-processor processor-id="WIRECARD_PAYPAL"><description>Wirecard PayPal payment processor.</description><preferences><all-instances/><development/><staging/><production/></preferences></payment-processor><payment-processor processor-id="WIRECARD_SELECT"><description>Wirecard Select payment processor.</description><preferences><all-instances/><development/><staging/><production/></preferences></payment-processor><payment-processor processor-id="WIRECARD_SOFORT"><description>Wirecard Sofortueberweisung payment processor.</description><preferences><all-instances/><development/><staging/><production/></preferences></payment-processor></payment-processors>