<?xml version="1.0" encoding="UTF-8"?><updates><update><name>Wirecard Checkout Page</name><description>Wirecard - Your Full Service Payment Provider</description><type>plugin</type><folder>vmpayment</folder><element>wirecardceecheckout</element><version>1.6.0</version><client>site</client><downloads><downloadurl type="full" format="zip">https://github.com/wirecard/virtuemart3-wcp/archive/1.6.0.zip</downloadurl></downloads><maintainer>Wirecard</maintainer><maintainerurl>https://www.wirecard.at/</maintainerurl><targetplatform name="joomla" version="3.6"/></update><update><name>Wirecard Checkout Page</name><description>Wirecard - Your Full Service Payment Provider</description><type>plugin</type><folder>vmpayment</folder><element>wirecardceecheckout</element><version>1.7.0</version><client>site</client><downloads><downloadurl type="full" format="zip">https://github.com/wirecard/virtuemart3-wcp/archive/1.7.0.zip</downloadurl></downloads><maintainer>Wirecard</maintainer><maintainerurl>https://www.wirecard.at/</maintainerurl><targetplatform name="joomla" version="3.6"/></update><update><name>Wirecard Checkout Page</name><description>Wirecard - Your Full Service Payment Provider</description><type>plugin</type><folder>vmpayment</folder><element>wirecardceecheckout</element><version>1.7.1</version><client>site</client><downloads><downloadurl type="full" format="zip">https://github.com/wirecard/virtuemart3-wcp/archive/1.7.1.zip</downloadurl></downloads><maintainer>Wirecard</maintainer><maintainerurl>https://www.wirecard.at/</maintainerurl><targetplatform name="joomla" version="3.6"/></update><update><name>Wirecard Checkout Page</name><description>Wirecard - Your Full Service Payment Provider</description><type>plugin</type><folder>vmpayment</folder><element>wirecardceecheckout</element><version>1.7.2</version><client>site</client><downloads><downloadurl type="full" format="zip">https://github.com/wirecard/virtuemart3-wcp/archive/1.7.2.zip</downloadurl></downloads><maintainer>Wirecard</maintainer><maintainerurl>https://www.wirecard.at/</maintainerurl><targetplatform name="joomla" version="3.6"/></update><update><name>Wirecard Checkout Page</name><description>Wirecard - Your Full Service Payment Provider</description><type>plugin</type><folder>vmpayment</folder><element>wirecardceecheckout</element><version>1.7.3</version><client>site</client><downloads><downloadurl type="full" format="zip">https://github.com/wirecard/virtuemart3-wcp/archive/1.7.3.zip</downloadurl></downloads><maintainer>Wirecard</maintainer><maintainerurl>https://www.wirecard.at/</maintainerurl><targetplatform name="joomla" version="3.6"/></update><update><name>Wirecard Checkout Page</name><description>Wirecard - Your Full Service Payment Provider</description><type>plugin</type><folder>vmpayment</folder><element>wirecardceecheckout</element><version>1.7.4</version><client>site</client><downloads><downloadurl type="full" format="zip">https://github.com/wirecard/virtuemart3-wcp/archive/1.7.4.zip</downloadurl></downloads><maintainer>Wirecard</maintainer><maintainerurl>https://www.wirecard.at/</maintainerurl><targetplatform name="joomla" version="3.6"/></update><update><name>Wirecard Checkout Page</name><description>Wirecard - Your Full Service Payment Provider</description><type>plugin</type><folder>vmpayment</folder><element>wirecardceecheckout</element><version>1.7.5</version><client>site</client><downloads><downloadurl type="full" format="zip">https://github.com/wirecard/virtuemart3-wcp/archive/1.7.5.zip</downloadurl></downloads><maintainer>Wirecard</maintainer><maintainerurl>https://www.wirecard.at/</maintainerurl><targetplatform name="joomla" version="3.6"/></update><update><name>Wirecard Checkout Page</name><description>Wirecard - Your Full Service Payment Provider</description><type>plugin</type><folder>vmpayment</folder><element>wirecardceecheckout</element><version>1.7.6</version><client>site</client><downloads><downloadurl type="full" format="zip">https://github.com/wirecard/virtuemart3-wcp/archive/1.7.6.zip</downloadurl></downloads><maintainer>Wirecard</maintainer><maintainerurl>https://www.wirecard.at/</maintainerurl><targetplatform name="joomla" version="3.6"/></update></updates>